station,lines,exit_no,lat,lng
4.19민주묘지역,W,,37.649341,127.013686
4.19민주묘지역,W,1,37.649707,127.013733
4.19민주묘지역,W,2,37.649576,127.013487
가능역,1,,37.748321,127.044363
가능역,1,1,37.748268,127.044165
가능역,1,2,37.748378,127.044569
가능역,1,3,37.748062,127.044686
가락시장역,3;8,,37.492532,127.118638
가락시장역,3;8,1,37.492514,127.11784
가락시장역,3;8,2,37.492908,127.118044
가락시장역,3;8,2-1,37.492773,127.117778
가락시장역,3;8,3,37.493086,127.118694
가락시장역,3;8,4,37.492798,127.119074
가락시장역,3;8,5,37.492661,127.119201
가락시장역,3;8,6,37.492235,127.119067
가락시장역,3;8,7,37.492106,127.118845
가락시장역,3;8,8,37.491667,127.116233
가산디지털단지역,1;7,,37.480454,126.88288
가산디지털단지역,1;7,,37.481595,126.882617
가산디지털단지역,1;7,10,37.481239,126.882327
가산디지털단지역,1;7,10,37.481239,126.882327
가산디지털단지역,1;7,11,37.481612,126.882328
가산디지털단지역,1;7,11,37.481612,126.882328
가산디지털단지역,1;7,2,37.481678,126.882837
가산디지털단지역,1;7,2,37.481678,126.882837
가산디지털단지역,1;7,3,37.480506,126.883272
가산디지털단지역,1;7,3,37.480506,126.883272
가산디지털단지역,1;7,4,37.481104,126.883296
가산디지털단지역,1;7,4,37.481104,126.883296
가산디지털단지역,1;7,5,37.480852,126.88381
가산디지털단지역,1;7,5,37.480852,126.88381
가산디지털단지역,1;7,6,37.480268,126.88365
가산디지털단지역,1;7,6,37.480268,126.88365
가산디지털단지역,1;7,7,37.479706,126.882053
가산디지털단지역,1;7,7,37.479706,126.882053
가산디지털단지역,1;7,8,37.479826,126.881136
가산디지털단지역,1;7,8,37.479826,126.881136
가산디지털단지역,1;7,9,37.480563,126.88167
가산디지털단지역,1;7,9,37.480563,126.88167
가야대역,BGL,,35.26683,128.864949
가야대역,BGL,1,35.266559,128.864901
가야대역,BGL,2,35.266659,128.865112
가야역,2,,35.155829,129.04279
가야역,2,1,35.155699,129.043178
가야역,2,2,35.156061,129.043071
가야역,2,3,35.155596,129.042589
가야역,2,4,35.155956,129.042513
가양역,9,,37.561142,126.8551
가양역,9,1,37.562625,126.852535
가양역,9,10,37.562395,126.852416
가양역,9,2,37.561481,126.854676
가양역,9,3,37.561552,126.855207
가양역,9,4,37.561434,126.855619
가양역,9,5,37.560939,126.855677
가양역,9,6,37.560715,126.85558
가양역,9,7,37.560553,126.855104
가양역,9,8,37.560687,126.854824
가양역,9,9,37.561239,126.854504
가오리역,W,,37.641974,127.016571
가오리역,W,1,37.641698,127.016927
가오리역,W,2,37.641015,127.016751
가재울역,I2,,37.48395,126.683979
가재울역,I2,1,37.484392,126.683748
가재울역,I2,2,37.483831,126.684493
가재울역,I2,3,37.483613,126.68429
가재울역,I2,4,37.484168,126.683551
가정역,I2,,37.524719,126.675321
가정역,I2,3,37.524462,126.67424
가정역,I2,4,37.525022,126.674279
가정중앙시장역,I2,,37.517498,126.67679
가정중앙시장역,I2,1,37.517524,126.677066
가정중앙시장역,I2,2,37.517568,126.676652
가좌역,경의·중앙,,37.568679,126.915063
가좌역,경의·중앙,1,37.568376,126.914823
가좌역,경의·중앙,2,37.568646,126.914129
가좌역,경의·중앙,3,37.569198,126.914454
가좌역,경의·중앙,4,37.568809,126.915257
가천대역,수인·분당,,37.448699,127.126725
가천대역,수인·분당,1,37.449573,127.126858
가천대역,수인·분당,2,37.448491,127.126956
가천대역,수인·분당,3,37.447652,127.127017
가천대역,수인·분당,4,37.448318,127.126352
가천대역,수인·분당,5,37.449134,127.126355
간석역,1,,37.464734,126.693531
간석역,1,1,37.464441,126.694007
간석역,1,2,37.465077,126.694066
간석오거리역,인천1,,37.467155,126.707949
간석오거리역,인천1,1,37.467465,126.708233
간석오거리역,인천1,2,37.466881,126.708788
간석오거리역,인천1,3,37.466666,126.708648
간석오거리역,인천1,4,37.466619,126.708155
간석오거리역,인천1,5,37.465931,126.707865
간석오거리역,인천1,6,37.46688,126.707542
간석오거리역,인천1,7,37.467154,126.707104
간석오거리역,인천1,8,37.467412,126.707105
간석오거리역,인천1,9,37.467556,126.707709
갈매역,경춘,,37.633946,127.114729
갈매역,경춘,1,37.633786,127.114825
갈매역,경춘,2,37.63386,127.114559
갈산역,인천1,,37.516813,126.721518
갈산역,인천1,1,37.517021,126.72173
갈산역,인천1,2,37.51588,126.721605
갈산역,인천1,3,37.515923,126.721236
갈산역,인천1,4,37.517044,126.721364
감전역,2,,35.155688,128.990871
감전역,2,1,35.155551,128.991129
감전역,2,2,35.155642,128.991229
감전역,2,3,35.155802,128.990805
감전역,2,4,35.15611,128.990839
강남구청역,7,,37.516812,127.041424
강남구청역,7,,37.517176,127.041286
강남구청역,7,1,37.51722,127.041826
강남구청역,7,1,37.51722,127.041826
강남구청역,7,2,37.516864,127.04072
강남구청역,7,2,37.516864,127.04072
강남구청역,7,3,37.517184,127.040689
강남구청역,7,3,37.517184,127.040689
강남구청역,7,3-1,37.517345,127.041096
강남구청역,7,3-1,37.517345,127.041096
강남구청역,7,4,37.517429,127.041822
강남구청역,7,4,37.517429,127.041822
강남역,2,,37.496462,127.028267
강남역,2,,37.49795,127.027557
강남역,2,1,37.49805,127.028627
강남역,2,1,37.49805,127.028627
강남역,2,10,37.498634,127.027025
강남역,2,10,37.498634,127.027025
강남역,2,11,37.498731,127.027407
강남역,2,11,37.498731,127.027407
강남역,2,12,37.498417,127.028544
강남역,2,12,37.498417,127.028544
강남역,2,2,37.497193,127.028113
강남역,2,2,37.497193,127.028113
강남역,2,3,37.496666,127.028476
강남역,2,3,37.496666,127.028476
강남역,2,4,37.495487,127.029065
강남역,2,5,37.495358,127.028618
강남역,2,6,37.496525,127.028046
강남역,2,6,37.496525,127.028046
강남역,2,7,37.497096,127.027716
강남역,2,7,37.497096,127.027716
강남역,2,8,37.497545,127.02707
강남역,2,8,37.497545,127.02707
강남역,2,9,37.497995,127.026896
강남역,2,9,37.497995,127.026896
강동구청역,8,,37.530694,127.120623
강동구청역,8,1,37.530987,127.120856
강동구청역,8,2,37.530634,127.121239
강동구청역,8,3,37.530381,127.121004
강동구청역,8,4,37.530449,127.120433
강동구청역,8,5,37.531034,127.120617
강동역,5,,37.535797,127.132595
강동역,5,1,37.53616,127.132211
강동역,5,2,37.53586,127.133236
강동역,5,2-1,37.535876,127.132863
강동역,5,3,37.535585,127.132621
강동역,5,4,37.535757,127.132044
강매역,경의·중앙,,37.612287,126.844528
강매역,경의·중앙,1,37.612648,126.845729
강매역,경의·중앙,2,37.612324,126.845315
강변역,2,,37.535111,127.094741
강변역,2,1,37.53519,127.094853
강변역,2,2,37.534624,127.0952
강변역,2,3,37.53452,127.094941
강변역,2,4,37.535081,127.094584
강서구청역,3,,35.211226,128.981953
강서구청역,3,1,35.211188,128.982689
강서구청역,3,2,35.211343,128.981654
강서구청역,3,3,35.211094,128.981973
강서구청역,3,5,35.211193,128.981056
강일역,5,,37.557482,127.175763
강일역,5,1,37.557442,127.174349
강일역,5,2,37.557822,127.17654
강일역,5,3,37.55745,127.176714
강일역,5,4,37.556984,127.174477
개금역,2,,35.153254,129.02046
개금역,2,1,35.153034,129.021318
개금역,2,2,35.15341,129.021301
개금역,2,3,35.15294,129.020698
개금역,2,4,35.15344,129.020315
개금역,2,5,35.152749,129.020273
개금역,2,7,35.152892,129.019838
개롱역,5,,37.498075,127.134843
개롱역,5,1,37.498497,127.134555
개롱역,5,2,37.498091,127.13498
개롱역,5,3,37.497893,127.134963
개롱역,5,4,37.498241,127.134119
개봉역,1,,37.494593,126.858754
개봉역,1,1,37.494368,126.858672
개봉역,1,2,37.494872,126.858793
개포동역,수인·분당,,37.489101,127.066043
개포동역,수인·분당,1,37.48912,127.065512
개포동역,수인·분당,2,37.489353,127.065636
개포동역,수인·분당,3,37.489466,127.066161
개포동역,수인·분당,4,37.489364,127.066439
개포동역,수인·분당,5,37.48906,127.066441
개포동역,수인·분당,6,37.488838,127.066381
개포동역,수인·분당,7,37.48866,127.066056
개포동역,수인·분당,8,37.488917,127.065788
개화산역,5,,37.572876,126.80826
개화산역,5,1,37.572093,126.806272
개화산역,5,2,37.572392,126.806104
개화역,9,,37.578538,126.797665
개화역,9,1,37.578609,126.798346
개화역,9,2,37.57844,126.797678
거여역,5,,37.493345,127.143771
거여역,5,1,37.493568,127.143668
거여역,5,2,37.493394,127.144386
거여역,5,3,37.493338,127.144655
거여역,5,4,37.493068,127.144731
거여역,5,5,37.492916,127.144619
거여역,5,6,37.492698,127.144348
거여역,5,7,37.492961,127.144191
거여역,5,8,37.493234,127.143647
거제역,3,,35.188868,129.07399
거제역,3,1,35.188004,129.074676
거제역,3,10,35.189747,129.074282
거제역,3,2,35.188486,129.074929
거제역,3,3,35.187983,129.073722
거제역,3,4,35.188957,129.074847
거제역,3,5,35.188049,129.073067
거제역,3,6,35.18923,129.074608
거제역,3,7,35.188456,129.073008
거제역,3,8,35.189002,129.074132
거제역,3,9,35.189495,129.074677
거제해맞이역,동해,,35.181409,129.069091
거제해맞이역,동해,1,35.18152,129.068985
거제해맞이역,동해,2,35.181041,129.069151
거제해맞이역,동해,3,35.180571,129.068929
건대입구역,2;7,,37.540363,127.069384
건대입구역,2;7,,37.540444,127.070864
건대입구역,2;7,1,37.54081,127.06873
건대입구역,2;7,1,37.54081,127.06873
건대입구역,2;7,2,37.540136,127.070434
건대입구역,2;7,2,37.540136,127.070434
건대입구역,2;7,3,37.540877,127.071427
건대입구역,2;7,3,37.540877,127.071427
건대입구역,2;7,4,37.540027,127.071026
건대입구역,2;7,4,37.540027,127.071026
건대입구역,2;7,5,37.53993,127.070371
건대입구역,2;7,5,37.53993,127.070371
건대입구역,2;7,6,37.540556,127.068395
건대입구역,2;7,6,37.540556,127.068395
걸포북변역,김포 골드라인,,37.631715,126.705647
걸포북변역,김포 골드라인,1,37.631967,126.706179
걸포북변역,김포 골드라인,2,37.631416,126.705206
검단사거리역,I2,,37.601821,126.656734
검단사거리역,I2,1,37.602079,126.657208
검단사거리역,I2,2,37.601886,126.657276
검단사거리역,I2,3,37.601518,126.656315
검단오류역,I2,,37.594986,126.62793
검단오류역,I2,1,37.595048,126.627586
검단오류역,I2,2,37.594861,126.62834
검단호수공원역,인천1,,37.60244,126.688566
검단호수공원역,인천1,1,37.602508,126.687907
검단호수공원역,인천1,2,37.602645,126.688976
검단호수공원역,인천1,3,37.602347,126.689167
검단호수공원역,인천1,4,37.602192,126.687953
검바위역,I2,,37.561248,126.67751
검바위역,I2,1,37.561745,126.677729
검바위역,I2,2,37.561155,126.67772
검바위역,I2,3,37.56116,126.67733
검바위역,I2,4,37.561765,126.677341
검암역,I2;공항철도,,37.568749,126.675571
검암역,I2;공항철도,,37.56918,126.673714
검암역,I2;공항철도,1,37.568897,126.673659
검암역,I2;공항철도,1,37.568897,126.673659
검암역,I2;공항철도,2,37.568403,126.675911
검암역,I2;공항철도,2,37.568403,126.675911
검암역,I2;공항철도,3,37.56859,126.676127
검암역,I2;공항철도,3,37.56859,126.676127
경마공원역,4,,37.443765,127.007896
경마공원역,4,1,37.444584,127.007803
경마공원역,4,2,37.444111,127.008071
경마공원역,4,3,37.443654,127.008185
경마공원역,4,4,37.443363,127.008188
경마공원역,4,5,37.443337,127.007729
경마공원역,4,6,37.444369,127.00736
경복궁역,3,,37.575787,126.973526
경복궁역,3,1,37.576201,126.972197
경복궁역,3,2,37.576387,126.972409
경복궁역,3,3,37.576235,126.972684
경복궁역,3,3-1,37.576019,126.972773
경복궁역,3,4,37.575969,126.973147
경복궁역,3,5,37.576276,126.975494
경복궁역,3,6,37.575633,126.97316
경복궁역,3,7,37.575739,126.972208
경성대·부경대역,2,,35.137539,129.100524
경성대·부경대역,2,1,35.137906,129.101378
경성대·부경대역,2,2,35.138058,129.101246
경성대·부경대역,2,3,35.137357,129.100353
경성대·부경대역,2,4,35.137519,129.100131
경성대·부경대역,2,5,35.137038,129.099658
경성대·부경대역,2,6,35.137272,129.099582
경인교대입구역,인천1,,37.538408,126.722603
경인교대입구역,인천1,1,37.539051,126.722813
경인교대입구역,인천1,2,37.537899,126.722798
경인교대입구역,인천1,3,37.537264,126.722786
경인교대입구역,인천1,4,37.537262,126.72242
경인교대입구역,인천1,5,37.537888,126.72241
경인교대입구역,인천1,6,37.539077,126.72243
경전철의정부역,U;의정부경전철: 발곡 → 차량기지임시승강장;의정부경전철: 차량기지임시승강장 → 탑석,,37.737274,127.043303
경전철의정부역,U;의정부경전철: 발곡 → 차량기지임시승강장;의정부경전철: 차량기지임시승강장 → 탑석,1,37.736303,127.045575
경전철의정부역,U;의정부경전철: 발곡 → 차량기지임시승강장;의정부경전철: 차량기지임시승강장 → 탑석,1,37.737248,127.043144
경전철의정부역,U;의정부경전철: 발곡 → 차량기지임시승강장;의정부경전철: 차량기지임시승강장 → 탑석,2,37.737881,127.043394
경전철의정부역,U;의정부경전철: 발곡 → 차량기지임시승강장;의정부경전철: 차량기지임시승강장 → 탑석,2,37.738249,127.044964
경전철의정부역,U;의정부경전철: 발곡 → 차량기지임시승강장;의정부경전철: 차량기지임시승강장 → 탑석,3,37.738623,127.04519
경전철의정부역,U;의정부경전철: 발곡 → 차량기지임시승강장;의정부경전철: 차량기지임시승강장 → 탑석,8,37.737845,127.04601
경찰병원역,3,,37.495401,127.123904
경찰병원역,3,1,37.495362,127.123614
경찰병원역,3,2,37.495962,127.124299
경찰병원역,3,3,37.495386,127.124094
경찰병원역,3,4,37.495111,127.123696
계산역,인천1,,37.543336,126.727857
계산역,인천1,1,37.54311,126.728966
계산역,인천1,2,37.543146,126.728117
계산역,인천1,3,37.543195,126.726955
계산역,인천1,4,37.543498,126.726984
계산역,인천1,5,37.543446,126.728132
계산역,인천1,6,37.54341,126.728978
계양역,공항철도;인천1,,37.571501,126.735858
계양역,공항철도;인천1,,37.571767,126.736311
계양역,공항철도;인천1,1,37.571308,126.736362
계양역,공항철도;인천1,1,37.571308,126.736362
고덕역,5,,37.555341,127.156383
고덕역,5,1,37.555329,127.153385
고덕역,5,2,37.555082,127.153627
고덕역,5,3,37.555203,127.154499
고덕역,5,4,37.554981,127.154366
고덕역,5,5,37.554828,127.153424
고려대역,6,,37.590378,127.036013
고려대역,6,1,37.589716,127.035567
고려대역,6,2,37.59015,127.036023
고려대역,6,3,37.590499,127.036577
고려대역,6,4,37.589754,127.036614
고려대역,6,5,37.589309,127.036382
고려대역,6,6,37.589296,127.035817
고속터미널역,3;7;9,,37.505037,127.004922
고속터미널역,3;7;9,1,37.505994,127.005504
고속터미널역,3;7;9,2,37.503914,127.005546
고속터미널역,3;7;9,3,37.503417,127.005512
고속터미널역,3;7;9,4,37.502775,127.003445
고속터미널역,3;7;9,7,37.50385,127.005347
고속터미널역,3;7;9,8,37.505806,127.00432
고속터미널역,3;7;9,8-1,37.506015,127.003823
고속터미널역,3;7;9,8-2,37.50623,127.004548
고잔역,4,,37.316851,126.823101
고잔역,4,1,37.316902,126.823435
고잔역,4,2,37.316679,126.823472
고촌역,,,35.236093,129.1605
고촌역,김포 골드라인,,37.601263,126.770212
고촌역,,1,35.235956,129.159926
고촌역,김포 골드라인,1,37.601891,126.770128
고촌역,,2,35.235782,129.159913
고촌역,김포 골드라인,2,37.601207,126.77015
고촌역,,3,35.236046,129.160443
고촌역,,4,35.235878,129.160479
곡산역,경의·중앙;서해,,37.645746,126.80181
곡산역,경의·중앙;서해,2,37.645837,126.802148
공덕역,5;6,,37.543654,126.950806
공덕역,5;6,1,37.543876,126.950549
공덕역,5;6,10,37.541939,126.953097
공덕역,5;6,2,37.544261,126.950774
공덕역,5;6,3,37.545282,126.951635
공덕역,5;6,4,37.545114,126.952053
공덕역,5;6,5,37.544227,126.951684
공덕역,5;6,6,37.54362,126.952607
공덕역,5;6,7,37.543066,126.952633
공덕역,5;6,8,37.543421,126.950871
공덕역,5;6,9,37.542776,126.951673
공릉역,7,,37.625636,127.073044
공릉역,7,1,37.625821,127.073081
공릉역,7,2,37.623961,127.072771
공릉역,7,2,37.625376,127.073281
공릉역,7,3,37.62531,127.072956
공릉역,7,4,37.625777,127.072788
공항시장역,9,,37.563658,126.810602
공항시장역,9,1,37.561515,126.811126
공항시장역,9,1,37.56345,126.810226
공항시장역,9,2,37.56146,126.81163
공항시장역,9,2,37.564022,126.810864
공항시장역,9,3,37.561109,126.811555
공항시장역,9,3,37.563941,126.810977
공항시장역,9,4,37.561164,126.811091
공항시장역,9,4,37.56332,126.810289
공항역,1,,35.144104,126.811713
공항역,BGL,,35.171868,128.948598
공항역,1,1,35.143882,126.812022
공항역,BGL,1,35.171657,128.948621
공항역,1,2,35.143627,126.811532
공항역,BGL,2,35.17182,128.948766
공항역,1,3,35.143723,126.811173
공항역,1,4,35.143962,126.810993
공항역,1,5,35.144368,126.811191
공항역,1,6,35.144212,126.812099
과천역,4,,37.433074,126.996958
과천역,4,1,37.433451,126.997736
과천역,4,2,37.433623,126.997935
과천역,4,3,37.43306,126.998637
과천역,4,4,37.432684,126.998315
과천역,4,5,37.432231,126.996023
과천역,4,6,37.431624,126.994879
과천역,4,7,37.432263,126.99474
관악산역,Silim,,37.468736,126.945328
관악산역,Silim,1,37.468619,126.945602
관악역,1,,37.418724,126.909154
관악역,1,1,37.418479,126.908799
관악역,1,2,37.418899,126.909224
광교역,신분당,,37.302109,127.044281
광교역,신분당,1,37.301461,127.044631
광교역,신분당,2,37.302195,127.045237
광나루역,5,,37.545301,127.103527
광나루역,5,1,37.545462,127.103645
광나루역,5,2,37.545343,127.104278
광나루역,5,3,37.544696,127.104292
광나루역,5,4,37.544648,127.103637
광명사거리역,7,,37.479421,126.85446
광명사거리역,7,1,37.478955,126.855773
광명사거리역,7,10,37.479206,126.855663
광명사거리역,7,2,37.479241,126.854788
광명사거리역,7,3,37.479127,126.854357
광명사거리역,7,4,37.479215,126.854191
광명사거리역,7,5,37.479417,126.854143
광명사거리역,7,6,37.479549,126.854203
광명사거리역,7,7,37.479861,126.8545
광명사거리역,7,8,37.479815,126.854674
광명사거리역,7,9,37.479515,126.854738
광명역,1,,37.41638,126.884698
광명역,1,1,37.417502,126.884559
광명역,1,2,37.416945,126.884237
광명역,1,3,37.416352,126.883915
광명역,1,4,37.415774,126.883587
광명역,1,5,37.417075,126.886012
광명역,1,6,37.416455,126.88568
광명역,1,7,37.415854,126.885328
광명역,1,8,37.415335,126.885043
광안역,2,,35.157914,129.113118
광안역,2,1,35.158569,129.113458
광안역,2,2,35.158621,129.113184
광안역,2,3,35.1575,129.113154
광안역,2,4,35.157511,129.112936
광안역,2,5,35.156874,129.113035
광안역,2,6,35.15701,129.112761
광운대역,1,,37.623699,127.061819
광운대역,1,1,37.623327,127.061506
광운대역,1,2,37.623574,127.061362
광운대역,1,3,37.622961,127.061972
광주송정역,1,,35.137554,126.791568
광주송정역,1,,35.137707,126.79011
광주송정역,1,1,35.137644,126.791803
광주송정역,1,1,35.137644,126.791803
광주송정역,1,2,35.136949,126.790731
광주송정역,1,2,35.136949,126.790731
광주송정역,1,2,35.137186,126.791513
광주송정역,1,2,35.137186,126.791513
광주송정역,1,3,35.137267,126.791196
광주송정역,1,3,35.137267,126.791196
광주송정역,1,4,35.137611,126.79114
광주송정역,1,4,35.137611,126.79114
광주송정역,1,5,35.137775,126.791471
광주송정역,1,5,35.137775,126.791471
광주역,2,,35.165321,126.909319
광주역,2,1,35.165158,126.909244
광화문역,5,,37.571616,126.976903
광화문역,5,1,37.571876,126.974894
광화문역,5,2,37.5725,126.977386
광화문역,5,3,37.571269,126.977567
광화문역,5,4,37.570704,126.977453
광화문역,5,5,37.569823,126.977422
광화문역,5,6,37.569796,126.976615
광화문역,5,7,37.570472,126.97651
광화문역,5,8,37.571715,126.975153
광화문역,5,9,37.571303,126.976942
광흥창역,6,,37.547472,126.931961
광흥창역,6,1,37.547725,126.931245
광흥창역,6,2,37.547764,126.931705
광흥창역,6,3,37.547767,126.93277
광흥창역,6,4,37.547326,126.933237
광흥창역,6,5,37.547284,126.931528
광흥창역,6,6,37.547253,126.931082
괘법르네시떼역,BGL,,35.163282,128.977588
괘법르네시떼역,BGL,1,35.163432,128.977221
괴정역,1,,35.099931,128.992862
괴정역,1,1,35.09957,128.991993
괴정역,1,1,35.099827,128.99189
괴정역,1,10,35.100037,128.993519
괴정역,1,3,35.100117,128.992862
괴정역,1,4,35.099902,128.993056
괴정역,1,5,35.10029,128.99341
괴정역,1,6,35.099803,128.993193
괴정역,1,8,35.099858,128.993437
교대역,1,,35.193843,129.079746
교대역,1,,35.195218,129.080032
교대역,2,,37.493659,127.013702
교대역,1,1,35.194674,129.079696
교대역,1,1,35.194674,129.079696
교대역,2,1,37.494057,127.01557
교대역,1,10,35.194227,129.079978
교대역,1,10,35.194227,129.079978
교대역,2,10,37.493597,127.013004
교대역,1,11,35.193191,129.078901
교대역,1,11,35.193191,129.078901
교대역,2,11,37.4938,127.013337
교대역,1,12,35.193185,129.078207
교대역,1,12,35.193185,129.078207
교대역,2,12,37.493348,127.013933
교대역,2,13,37.492077,127.014118
교대역,2,14,37.492072,127.01382
교대역,1,2,35.194768,129.080241
교대역,1,2,35.194768,129.080241
교대역,2,2,37.493952,127.015112
교대역,1,3,35.195349,129.079435
교대역,1,3,35.195349,129.079435
교대역,2,3,37.494217,127.014998
교대역,1,4,35.195013,129.080417
교대역,1,4,35.195013,129.080417
교대역,2,4,37.494352,127.015428
교대역,1,5,35.196243,129.079765
교대역,1,5,35.196243,129.079765
교대역,2,5,37.493705,127.014356
교대역,1,6,35.19615,129.080399
교대역,1,6,35.19615,129.080399
교대역,2,6,37.494136,127.01375
교대역,2,7,37.494002,127.014313
교대역,1,8,35.196348,129.080092
교대역,1,8,35.196348,129.080092
교대역,2,8,37.493223,127.013521
교대역,1,9,35.193887,129.080203
교대역,1,9,35.193887,129.080203
교대역,2,9,37.493306,127.01314
구남역,2,,35.196824,128.994948
구남역,2,1,35.197135,128.994992
구남역,2,2,35.197007,128.995239
구남역,2,3,35.197575,128.995312
구남역,2,4,35.196061,128.994588
구남역,2,4,35.197472,128.995579
구래역,김포 골드라인,,37.645348,126.628721
구래역,김포 골드라인,1,37.645348,126.62819
구래역,김포 골드라인,2,37.645649,126.629432
구래역,김포 골드라인,3,37.645512,126.629743
구래역,김포 골드라인,4,37.645161,126.627859
구로디지털단지역,2,,37.485276,126.901592
구로디지털단지역,2,1,37.48498,126.902119
구로디지털단지역,2,2,37.485053,126.900929
구로디지털단지역,2,3,37.485224,126.900525
구로디지털단지역,2,4,37.485849,126.90102
구로디지털단지역,2,5,37.48571,126.901357
구로디지털단지역,2,6,37.484988,126.902717
구로역,1,,37.503447,126.882509
구로역,1,1,37.502119,126.881906
구로역,1,2,37.502524,126.880801
구로역,1,3,37.502646,126.88074
구룡역,수인·분당,,37.486927,127.059461
구룡역,수인·분당,1,37.486324,127.059056
구룡역,수인·분당,2,37.486627,127.059448
구룡역,수인·분당,3,37.486807,127.060237
구룡역,수인·분당,4,37.486637,127.060396
구룡역,수인·분당,5,37.486094,127.059371
구리역,8,,37.602271,127.140838
구리역,8,,37.603252,127.143375
구리역,8,1,37.603482,127.143416
구리역,8,1,37.603482,127.143416
구리역,8,2,37.603079,127.143542
구리역,8,2,37.603079,127.143542
구리역,8,3,37.603202,127.142979
구리역,8,3,37.603202,127.142979
구리역,8,4,37.602439,127.141834
구리역,8,4,37.602439,127.141834
구리역,8,5,37.602363,127.141716
구리역,8,5,37.602363,127.141716
구리역,8,6,37.602258,127.141281
구리역,8,6,37.602258,127.141281
구리역,8,7,37.602296,127.141115
구리역,8,7,37.602296,127.141115
구명역,2,,35.202796,128.999518
구명역,2,1,35.202363,128.99904
구명역,2,2,35.202231,128.999224
구명역,2,3,35.203398,128.9999
구명역,2,4,35.203276,129.000116
구반포역,9,,37.50129,126.986785
구반포역,9,1,37.501647,126.986498
구반포역,9,2,37.501646,126.98668
구반포역,9,3,37.501472,126.987022
구산역,6,,37.61125,126.917219
구산역,6,1,37.611485,126.917479
구산역,6,2,37.610912,126.917347
구산역,6,3,37.611069,126.917007
구산역,6,4,37.611745,126.917148
구산역,6,4,37.612995,126.915607
구서역,1,,35.247227,129.091268
구서역,1,1,35.24656,129.091106
구서역,1,2,35.246555,129.091307
구서역,1,3,35.247955,129.091198
구서역,1,4,35.247947,129.09142
구의역,2,,37.537168,127.086221
구의역,2,1,37.537008,127.085092
구의역,2,2,37.537459,127.086978
구의역,2,3,37.53727,127.087101
구의역,2,4,37.536787,127.08517
구일역,1,,37.496207,126.869706
구일역,1,1,37.495979,126.870884
구일역,1,2,37.495732,126.867875
구파발역,3,,37.636892,126.918805
구파발역,3,1,37.637112,126.918936
구파발역,3,2,37.636196,126.919201
구파발역,3,3,37.63614,126.918714
구파발역,3,4,37.637316,126.918318
구포역,3,,35.205308,128.997301
구포역,3,,35.206694,128.996352
구포역,3,1,35.206973,128.996956
구포역,3,1,35.206973,128.996956
구포역,3,3,35.206293,128.996318
구포역,3,3,35.206293,128.996318
국제금융센터·부산은행역,2,,35.145719,129.066693
국제금융센터·부산은행역,2,1,35.145539,129.066443
국제금융센터·부산은행역,2,2,35.144685,129.067004
국제금융센터·부산은행역,2,3,35.1461,129.06646
국제금융센터·부산은행역,2,4,35.146929,129.066957
국제업무지구역,인천1,,37.399787,126.630412
국제업무지구역,인천1,1,37.399896,126.629991
국제업무지구역,인천1,2,37.399982,126.629403
국제업무지구역,인천1,5,37.400259,126.630593
국회의사당역,9,,37.528016,126.917964
국회의사당역,9,1,37.529169,126.917554
국회의사당역,9,2,37.528659,126.91784
국회의사당역,9,3,37.52785,126.91861
국회의사당역,9,4,37.527473,126.918022
국회의사당역,9,5,37.528274,126.91722
국회의사당역,9,6,37.528809,126.916321
군자역,5;7,,37.557245,127.079558
군자역,5;7,1,37.557488,127.079141
군자역,5;7,2,37.557378,127.079405
군자역,5;7,3,37.557258,127.079747
군자역,5;7,4,37.557124,127.080061
군자역,5;7,5,37.556893,127.079803
군자역,5;7,6,37.556742,127.07944
군자역,5;7,7,37.556852,127.079158
군자역,5;7,8,37.557187,127.078982
군포역,1,,37.353575,126.948461
군포역,1,1,37.353615,126.948348
군포역,1,2,37.353613,126.948573
굴포천역,7,,37.507023,126.731337
굴포천역,7,1,37.506753,126.732153
굴포천역,7,2,37.506778,126.731598
굴포천역,7,3,37.506823,126.730885
굴포천역,7,4,37.506848,126.730382
굴포천역,7,5,37.507252,126.730608
굴포천역,7,6,37.507624,126.731063
굴포천역,7,8,37.507209,126.732158
굽은다리역,5,,37.545637,127.142962
굽은다리역,5,1,37.545488,127.142761
굽은다리역,5,2,37.546039,127.142799
굽은다리역,5,3,37.545968,127.143223
굽은다리역,5,4,37.54549,127.143038
귤현역,인천1,,37.566354,126.742655
귤현역,인천1,1,37.566113,126.742592
귤현역,인천1,1,37.566113,126.742592
극락강역,,,35.175993,126.830035
금곡역,2,,35.267383,129.016889
금곡역,경춘,,37.637287,127.207444
금곡역,2,1,35.266046,129.016606
금곡역,경춘,1,37.63724,127.208198
금곡역,2,2,35.266179,129.016267
금곡역,2,3,35.266388,129.016796
금곡역,2,4,35.266539,129.01647
금곡역,2,5,35.268262,129.017424
금곡역,2,6,35.267069,129.017226
금남로4가역,1,,35.150706,126.914581
금남로4가역,1,1,35.15025,126.915045
금남로4가역,1,2,35.151026,126.913877
금남로4가역,1,3,35.1512,126.914019
금남로4가역,1,4,35.150392,126.915236
금남로5가역,1,,35.153708,126.910071
금남로5가역,1,1,35.15348,126.910205
금남로5가역,1,2,35.153733,126.909828
금남로5가역,1,3,35.154024,126.90908
금남로5가역,1,4,35.154482,126.909096
금남로5가역,1,5,35.153885,126.909975
금남로5가역,1,6,35.153636,126.910366
금련산역,2,,35.149743,129.110985
금련산역,2,1,35.1506,129.111371
금련산역,2,2,35.150644,129.111098
금련산역,2,3,35.150053,129.111211
금련산역,2,4,35.150085,129.110949
금련산역,2,5,35.148917,129.110893
금련산역,2,6,35.148952,129.110642
금사역,,,35.215756,129.115314
금사역,,1,35.215809,129.114871
금사역,,2,35.215616,129.115083
금사역,,3,35.216058,129.115576
금사역,,4,35.215808,129.115676
금정역,1;4,,37.372307,126.943397
금정역,1;4,1,37.372043,126.943911
금정역,1;4,2,37.371634,126.944112
금정역,1;4,3,37.371429,126.94346
금정역,1;4,4,37.371353,126.94314
금정역,1;4,5,37.371743,126.942959
금정역,1;4,6,37.372336,126.942376
금정역,1;4,7,37.372636,126.942479
금정역,1;4,8,37.372757,126.942823
금천구청역,1,,37.455813,126.8939
금천구청역,1,1,37.455981,126.894366
금호역,3,,37.547973,127.015925
금호역,3,1,37.548683,127.016171
금호역,3,2,37.548235,127.016341
금호역,3,3,37.548045,127.01549
금호역,3,4,37.548337,127.015329
기장역,동해,,35.244435,129.218874
기장역,동해,1,35.243488,129.218597
기장역,동해,2,35.243472,129.219033
길동역,5,,37.538368,127.140205
길동역,5,1,37.537844,127.139913
길동역,5,2,37.538065,127.140187
길동역,5,3,37.537515,127.139986
길음역,4,,37.60316,127.024852
길음역,4,1,37.60305,127.025032
길음역,4,10,37.604425,127.025624
길음역,4,2,37.602593,127.02482
길음역,4,3,37.602668,127.024519
길음역,4,4,37.603146,127.024707
길음역,4,5,37.603973,127.025193
길음역,4,6,37.603896,127.024979
길음역,4,7,37.604352,127.025011
길음역,4,8,37.604537,127.025048
길음역,4,9,37.604528,127.025231
김대중컨벤션센터역,1,,35.143198,126.841324
김대중컨벤션센터역,1,1,35.143211,126.841788
김대중컨벤션센터역,1,2,35.14292,126.841196
김대중컨벤션센터역,1,3,35.143089,126.840922
김대중컨벤션센터역,1,4,35.143485,126.840967
김대중컨벤션센터역,1,5,35.143594,126.84132
김대중컨벤션센터역,1,6,35.143521,126.841714
김포공항역,5;9,,37.561719,126.804061
김포공항역,5;9,,37.561745,126.801586
김포공항역,5;9,,37.561925,126.801393
김포공항역,5;9,,37.561988,126.801584
김포공항역,5;9,,37.562328,126.801961
김포공항역,5;9,1,37.56152,126.800873
김포공항역,5;9,1,37.56152,126.800873
김포공항역,5;9,1,37.56152,126.800873
김포공항역,5;9,1,37.56152,126.800873
김포공항역,5;9,1,37.56152,126.800873
김포공항역,5;9,2,37.563492,126.801129
김포공항역,5;9,2,37.563492,126.801129
김포공항역,5;9,2,37.563492,126.801129
김포공항역,5;9,2,37.563492,126.801129
김포공항역,5;9,3,37.562574,126.801822
김포공항역,5;9,3,37.562574,126.801822
김포공항역,5;9,3,37.562574,126.801822
김포공항역,5;9,3,37.562574,126.801822
김포공항역,5;9,3,37.562574,126.801822
김포공항역,5;9,4,37.561584,126.802102
김포공항역,5;9,4,37.561584,126.802102
김포공항역,5;9,4,37.561584,126.802102
김포공항역,5;9,4,37.561584,126.802102
김포공항역,5;9,4,37.561584,126.802102
김해낙동강레일파크역,,,35.371785,128.820803
김해대학역,BGL,,35.228997,128.915547
김해대학역,BGL,1,35.228803,128.915675
김해대학역,BGL,2,35.229101,128.915597
김해시청역,BGL,,35.227082,128.890375
김해시청역,BGL,1,35.226895,128.890152
김해시청역,BGL,2,35.227203,128.890096
까치산역,2;5,,37.532112,126.846526
까치산역,2;5,1,37.532489,126.846442
까치산역,2;5,2,37.531925,126.84686
까치산역,2;5,3,37.531815,126.846542
까치산역,2;5,4,37.532411,126.846175
까치울역,7,,37.506241,126.811384
까치울역,7,1,37.506015,126.81181
까치울역,7,2,37.506132,126.810928
까치울역,7,3,37.506516,126.810547
까치울역,7,4,37.506752,126.811335
까치울역,7,5,37.506556,126.81175
낙민역,,,35.200147,129.09082
낙민역,,1,35.200408,129.090443
낙민역,,2,35.20024,129.090322
낙민역,,3,35.200218,129.091033
낙민역,,4,35.200037,129.090959
낙성대역,2,,37.477062,126.963488
낙성대역,2,1,37.476602,126.96433
낙성대역,2,2,37.476719,126.963954
낙성대역,2,3,37.476987,126.963214
낙성대역,2,4,37.47716,126.96278
낙성대역,2,5,37.477449,126.962935
낙성대역,2,6,37.477262,126.96338
낙성대역,2,7,37.47701,126.964059
낙성대역,2,8,37.476887,126.964437
남광주역,1,,35.139442,126.922772
남광주역,1,1,35.138889,126.923155
남광주역,1,2,35.13892,126.922805
남광주역,1,3,35.139866,126.922332
남광주역,1,4,35.140043,126.92252
남광주역,1,5,35.139418,126.923259
남광주역,1,6,35.139002,126.923433
남구로역,7,,37.485361,126.886665
남구로역,7,1,37.487477,126.888628
남구로역,7,2,37.48503,126.886875
남구로역,7,3,37.484652,126.886125
남구로역,7,4,37.48502,126.885959
남구로역,7,5,37.485568,126.886709
남구로역,7,6,37.48752,126.888393
남동구청역,I2,,37.448165,126.736812
남동구청역,I2,1,37.448376,126.736245
남동구청역,I2,2,37.448331,126.7373
남동구청역,I2,3,37.448037,126.737292
남동구청역,I2,4,37.448062,126.736234
남동인더스파크역,수인·분당,,37.407752,126.695234
남동인더스파크역,수인·분당,1,37.407218,126.695201
남동인더스파크역,수인·분당,2,37.407846,126.695643
남부터미널역,,,37.484943,127.016345
남부터미널역,,1,37.485247,127.016266
남부터미널역,,2,37.485145,127.016522
남부터미널역,,3,37.484986,127.016607
남부터미널역,,4,37.484832,127.016514
남부터미널역,,4-1,37.483149,127.017599
남부터미널역,,4-2,37.483365,127.017166
남부터미널역,,5,37.484857,127.015964
남부터미널역,,6,37.485005,127.015881
남산역,1,,35.265426,129.092566
남산역,1,1,35.264513,129.092161
남산역,1,1,35.264581,129.092143
남산역,1,2,35.264466,129.09247
남산역,1,2,35.264547,129.092422
남산역,1,3,35.264848,129.092207
남산역,1,3,35.264922,129.092247
남산역,1,3,35.264971,129.092241
남산역,1,4,35.264811,129.092505
남산역,1,4,35.264875,129.092556
남산역,1,4,35.264929,129.09258
남산역,1,5,35.265551,129.092382
남산역,1,5,35.265632,129.092382
남산역,1,6,35.265505,129.092691
남산역,1,6,35.265605,129.092684
남산역,1,7,35.265895,129.092442
남산역,1,7,35.26596,129.092468
남산역,1,8,35.265861,129.09275
남산역,1,8,35.265915,129.092777
남산정역,3,,35.213346,129.023963
남산정역,3,1,35.213069,129.024865
남산정역,3,2,35.213529,129.024859
남산정역,3,3,35.213247,129.024051
남산정역,3,4,35.213414,129.023391
남산정역,3,5,35.213234,129.023338
남성역,7,,37.484355,126.971894
남성역,7,1,37.48413,126.972138
남성역,7,2,37.484508,126.971284
남성역,7,3,37.484777,126.971176
남성역,7,4,37.484345,126.972201
남양산역,2,,35.325404,129.019364
남양산역,2,1,35.32549,129.018811
남양산역,2,2,35.325261,129.019556
남양산역,2,3,35.326136,129.019276
남영역,1,,37.540538,126.971321
남영역,1,1,37.541659,126.971324
남위례역,8,,37.462772,127.139216
남위례역,8,1,37.463344,127.139093
남위례역,8,5,37.462972,127.139641
남천역,2,,35.142121,129.107857
남천역,2,1,35.142627,129.108621
남천역,2,2,35.14273,129.108491
남천역,2,3,35.141119,129.107054
남천역,2,4,35.14123,129.106934
남태령역,4,,37.464656,126.988698
남태령역,4,1,37.464909,126.989181
남태령역,4,2,37.464397,126.988502
남태령역,4,3,37.464387,126.988086
남태령역,4,4,37.464803,126.988054
남포역,1,,35.097924,129.034947
남포역,1,1,35.097777,129.033926
남포역,1,10,35.098332,129.036139
남포역,1,2,35.0975,129.03329
남포역,1,3,35.097902,129.034377
남포역,1,4,35.097675,129.034868
남포역,1,5,35.098152,129.035213
남포역,1,6,35.097686,129.035484
남포역,1,7,35.098637,129.035492
남포역,1,8,35.097888,129.035928
남한산성입구역,8,,37.451553,127.159813
남한산성입구역,8,1,37.452266,127.160305
남한산성입구역,8,2,37.451768,127.160231
남한산성입구역,8,3,37.45188,127.159684
남한산성입구역,8,4,37.452347,127.159978
낫개역,1,,35.065298,128.979733
낫개역,1,1,35.064299,128.979371
낫개역,1,2,35.064343,128.979737
낫개역,1,3,35.065791,128.979609
낫개역,1,4,35.064557,128.979926
낫개역,1,6,35.06568,128.980087
내방역,7,,37.487645,126.993554
내방역,7,1,37.487728,126.994228
내방역,7,2,37.487318,126.994029
내방역,7,3,37.48722,126.993809
내방역,7,4,37.487417,126.993259
내방역,7,5,37.487658,126.993054
내방역,7,6,37.488077,126.993292
내방역,7,7,37.488124,126.993538
내방역,7,8,37.487943,126.993971
냉정역,2,,35.151267,129.012417
냉정역,2,1,35.151136,129.013114
냉정역,2,2,35.151491,129.01308
냉정역,2,3,35.151003,129.011504
냉정역,2,4,35.151353,129.011448
냉정역,2,5,35.150973,129.01117
냉정역,2,6,35.151327,129.011121
노들역,9,,37.512974,126.95355
노들역,9,1,37.512893,126.951992
노들역,9,2,37.512887,126.954043
노들역,9,3,37.512281,126.954362
노들역,9,4,37.512433,126.953653
노들역,9,5,37.512494,126.952184
노량진역,1;9,,37.513614,126.941573
노량진역,1;9,,37.514238,126.94204
노량진역,1;9,1,37.513938,126.942481
노량진역,1;9,1,37.513938,126.942481
노량진역,1;9,2,37.513942,126.942889
노량진역,1;9,2,37.513942,126.942889
노량진역,1;9,3,37.513572,126.942236
노량진역,1;9,3,37.513572,126.942236
노량진역,1;9,3-1,37.513426,126.941541
노량진역,1;9,3-1,37.513426,126.941541
노량진역,1;9,4,37.513387,126.940447
노량진역,1;9,4,37.513387,126.940447
노량진역,1;9,5,37.513173,126.940044
노량진역,1;9,5,37.513173,126.940044
노량진역,1;9,6,37.513352,126.939372
노량진역,1;9,6,37.513352,126.939372
노량진역,1;9,7,37.513624,126.940174
노량진역,1;9,7,37.513624,126.940174
노량진역,1;9,8,37.513781,126.94214
노량진역,1;9,8,37.513781,126.94214
노량진역,1;9,9,37.514727,126.941372
노량진역,1;9,9,37.514727,126.941372
노원역,4;7,,37.654591,127.060493
노원역,4;7,,37.656365,127.06348
노원역,4;7,1,37.656377,127.064129
노원역,4;7,10,37.656612,127.064047
노원역,4;7,2,37.656045,127.062662
노원역,4;7,2,37.656045,127.062662
노원역,4;7,3,37.655118,127.060551
노원역,4;7,3,37.655118,127.060551
노원역,4;7,4,37.654545,127.060995
노원역,4;7,4,37.654545,127.060995
노원역,4;7,5,37.653848,127.060852
노원역,4;7,6,37.653778,127.06054
노원역,4;7,7,37.654333,127.060086
노원역,4;7,8,37.655179,127.06015
노원역,4;7,9,37.656238,127.0626
노원역,4;7,9,37.656238,127.0626
노포역,1,,35.283972,129.095115
노포역,1,1,35.284047,129.094831
노포역,1,2,35.283623,129.094861
노포역,1,3,35.284295,129.095137
녹동역,1,,35.106824,126.93399
녹동역,1,1,35.10686,126.933932
녹번역,3,,37.600973,126.935731
녹번역,3,1,37.601541,126.935567
녹번역,3,2,37.600681,126.936094
녹번역,3,3,37.600793,126.935412
녹번역,3,4,37.601038,126.935397
녹번역,3,5,37.601427,126.935284
녹사평역,6,,37.53492,126.986577
녹사평역,6,1,37.535273,126.986382
녹사평역,6,2,37.535654,126.986667
녹사평역,6,3,37.534548,126.986776
녹사평역,6,4,37.534689,126.986131
녹천역,1,,37.644627,127.051398
녹천역,1,1,37.645876,127.050618
녹천역,1,2,37.645973,127.050929
녹천역,1,3,37.643368,127.052004
녹천역,1,4,37.643344,127.05185
논현역,7,,37.510979,127.021364
논현역,7,1,37.511044,127.021656
논현역,7,10,37.511291,127.021455
논현역,7,2,37.510713,127.02172
논현역,7,3,37.509847,127.022174
논현역,7,4,37.50962,127.021802
논현역,7,5,37.510572,127.021281
논현역,7,6,37.510858,127.021081
논현역,7,7,37.511153,127.021005
논현역,7,8,37.51159,127.020843
논현역,7,9,37.511653,127.021277
농성역,1,,35.153215,126.884043
농성역,1,1,35.153129,126.885199
농성역,1,2,35.153047,126.883648
농성역,1,3,35.152949,126.882834
농성역,1,4,35.153486,126.882989
농성역,1,5,35.153627,126.883526
농성역,1,6,35.153726,126.883972
농성역,1,7,35.153874,126.884614
능곡역,경의·중앙;서해,,37.61894,126.820516
능곡역,경의·중앙;서해,1,37.619339,126.821222
다대포항역,1,,35.057758,128.971328
다대포항역,1,1,35.057034,128.970974
다대포항역,1,2,35.056879,128.971145
다대포항역,1,3,35.058231,128.971378
다대포항역,1,4,35.058093,128.971666
다대포해수욕장역,1,,35.048195,128.966019
다대포해수욕장역,1,1,35.048466,128.965372
다대포해수욕장역,1,2,35.048175,128.965279
다대포해수욕장역,1,3,35.048361,128.965778
다대포해수욕장역,1,4,35.047918,128.966127
다산역,8,,37.624329,127.149763
다산역,8,1,37.623736,127.150118
다산역,8,2,37.623575,127.149256
다산역,8,3,37.624622,127.149675
다산역,8,4,37.625115,127.149789
다산역,8,5,37.626071,127.150019
다산역,8,6,37.625608,127.150329
단대오거리역,8,,37.445085,127.156778
단대오거리역,8,1,37.445414,127.157422
단대오거리역,8,2,37.444957,127.157087
단대오거리역,8,3,37.444498,127.156548
단대오거리역,8,4,37.444974,127.156297
단대오거리역,8,5,37.445407,127.156311
단대오거리역,8,6,37.445509,127.15656
단대오거리역,8,7,37.445666,127.156834
달미역,서해,,37.349104,126.80907
달미역,서해,1,37.34917,126.808918
달월역,수인·분당,,37.379979,126.745357
달월역,수인·분당,1,37.379705,126.745648
달월역,수인·분당,1,37.379762,126.745723
달월역,수인·분당,2,37.379926,126.745808
달월역,수인·분당,2,37.380054,126.745755
답십리역,5,,37.566814,127.052699
답십리역,5,1,37.567842,127.051701
답십리역,5,2,37.567437,127.052256
답십리역,5,3,37.566854,127.05305
답십리역,5,4,37.566307,127.053721
답십리역,5,5,37.566243,127.053107
답십리역,5,6,37.566483,127.052774
답십리역,5,7,37.567119,127.051846
답십리역,5,8,37.56748,127.051281
당곡역,Silim,,37.489696,126.927801
당곡역,Silim,1,37.489981,126.927812
당곡역,Silim,2,37.48989,126.927526
당리역,1,,35.103475,128.973826
당리역,1,1,35.103894,128.973057
당리역,1,2,35.10362,128.972934
당리역,1,3,35.103749,128.973522
당리역,1,4,35.103484,128.973392
당리역,1,5,35.103322,128.974756
당리역,1,6,35.103127,128.97467
당산역,2;9,,37.533531,126.902685
당산역,2;9,,37.534596,126.902478
당산역,2;9,1,37.53438,126.901891
당산역,2;9,1,37.53438,126.901891
당산역,2;9,10,37.533356,126.901994
당산역,2;9,10,37.533356,126.901994
당산역,2;9,11,37.53364,126.901438
당산역,2;9,11,37.53364,126.901438
당산역,2;9,12,37.534008,126.90131
당산역,2;9,12,37.534008,126.90131
당산역,2;9,13,37.534262,126.901527
당산역,2;9,13,37.534262,126.901527
당산역,2;9,2,37.534616,126.902231
당산역,2;9,2,37.534616,126.902231
당산역,2;9,3,37.535429,126.902845
당산역,2;9,3,37.535429,126.902845
당산역,2;9,4,37.535311,126.903193
당산역,2;9,4,37.535311,126.903193
당산역,2;9,5,37.534428,126.902636
당산역,2;9,5,37.534428,126.902636
당산역,2;9,6,37.534189,126.902451
당산역,2;9,6,37.534189,126.902451
당산역,2;9,7,37.533804,126.902463
당산역,2;9,7,37.533804,126.902463
당산역,2;9,8,37.532949,126.904015
당산역,2;9,8,37.532949,126.904015
당산역,2;9,9,37.532705,126.903833
당산역,2;9,9,37.532705,126.903833
당정역,1,,37.343432,126.948361
당정역,1,1,37.344048,126.948616
당정역,1,2,37.343542,126.948615
당정역,1,3,37.343946,126.948071
대곡역,3,,37.631271,126.812117
대곡역,3,,37.631781,126.810284
대곡역,3,,37.632416,126.811184
대곡역,3,1,37.631191,126.811138
대곡역,3,1,37.631191,126.811138
대곡역,3,1,37.631191,126.811138
대곡역,3,2,37.631255,126.810651
대곡역,3,2,37.631255,126.810651
대곡역,3,2,37.631255,126.810651
대곡역,3,3,37.631538,126.810716
대곡역,3,3,37.631538,126.810716
대곡역,3,3,37.631538,126.810716
대곡역,3,4,37.631471,126.8112
대곡역,3,4,37.631471,126.8112
대곡역,3,4,37.631471,126.8112
대곡역,3,5,37.631782,126.811303
대곡역,3,5,37.631782,126.811303
대곡역,3,5,37.631782,126.811303
대곡역,3,6,37.63208,126.810858
대곡역,3,6,37.63208,126.810858
대곡역,3,6,37.63208,126.810858
대곡역,3,7,37.632123,126.81057
대곡역,3,7,37.632123,126.81057
대곡역,3,7,37.632123,126.81057
대곡역,3,8,37.632388,126.81041
대곡역,3,8,37.632388,126.81041
대곡역,3,8,37.632388,126.81041
대공원역,4,,37.435803,127.006608
대공원역,4,1,37.435842,127.007168
대공원역,4,2,37.435538,127.006954
대공원역,4,3,37.435259,127.006685
대공원역,4,4,37.435578,127.006006
대공원역,4,5,37.436174,127.006097
대공원역,4,6,37.436439,127.006395
대림역,7,,37.493437,126.894932
대림역,7,1,37.492353,126.894868
대림역,7,10,37.493535,126.897655
대림역,7,11,37.493518,126.897983
대림역,7,12,37.493038,126.897218
대림역,7,2,37.492671,126.894735
대림역,7,3,37.493744,126.894324
대림역,7,4,37.494071,126.894221
대림역,7,5,37.494284,126.895056
대림역,7,6,37.493947,126.895179
대림역,7,7,37.492861,126.895543
대림역,7,8,37.492561,126.895687
대림역,7,9,37.493207,126.897119
대모산입구역,수인·분당,,37.491389,127.072749
대모산입구역,수인·분당,1,37.491393,127.072389
대모산입구역,수인·분당,2,37.491699,127.072265
대모산입구역,수인·분당,3,37.4919,127.07282
대모산입구역,수인·분당,4,37.491695,127.073023
대모산입구역,수인·분당,5,37.491222,127.073088
대모산입구역,수인·분당,6,37.490975,127.073218
대모산입구역,수인·분당,7,37.490806,127.072859
대모산입구역,수인·분당,8,37.4911,127.072691
대방역,1,,37.512581,126.925174
대방역,1,,37.513358,126.926478
대방역,1,1,37.51302,126.927178
대방역,1,1,37.51302,126.927178
대방역,1,2,37.512775,126.927245
대방역,1,2,37.512775,126.927245
대방역,1,3,37.512683,126.926865
대방역,1,3,37.512683,126.926865
대방역,1,4,37.512939,126.926806
대방역,1,4,37.512939,126.926806
대방역,1,5,37.51302,126.926761
대방역,1,5,37.51302,126.926761
대방역,1,6,37.512705,126.925457
대방역,1,6,37.512705,126.925457
대방역,1,6,37.513618,126.926869
대방역,1,6,37.513618,126.926869
대사역,BGL,,35.217775,128.938385
대사역,BGL,1,35.217543,128.93809
대사역,BGL,2,35.21787,128.938245
대야미역,4,,37.327926,126.916862
대야미역,4,1,37.327728,126.916872
대야미역,4,2,37.327865,126.916612
대연역,2,,35.135132,129.092166
대연역,2,1,35.13508,129.09304
대연역,2,2,35.135255,129.093037
대연역,2,3,35.135044,129.092246
대연역,2,4,35.135225,129.092242
대연역,2,5,35.134996,129.091565
대연역,2,6,35.135196,129.091561
대저역,3,,35.213054,128.960471
대저역,3,,35.213336,128.961087
대저역,3,1,35.212878,128.960807
대저역,3,1,35.212878,128.960807
대저역,3,1,35.213206,128.961067
대저역,3,1,35.213206,128.961067
대저역,3,2,35.213227,128.96085
대저역,3,2,35.213227,128.96085
대저역,3,2,35.213443,128.961182
대저역,3,2,35.213443,128.961182
대청역,3,,37.493628,127.079551
대청역,3,1,37.494102,127.079505
대청역,3,2,37.493883,127.079609
대청역,3,3,37.493583,127.079917
대청역,3,4,37.493341,127.079797
대청역,3,5,37.493294,127.079565
대청역,3,6,37.493383,127.079239
대청역,3,7,37.49373,127.0793
대청역,3,8,37.493941,127.0792
대치역,3,,37.494474,127.063193
대치역,3,1,37.493997,127.061767
대치역,3,2,37.494334,127.062483
대치역,3,3,37.494963,127.064338
대치역,3,4,37.495172,127.065036
대치역,3,5,37.494904,127.065067
대치역,3,6,37.49471,127.064434
대치역,3,7,37.494058,127.062742
대치역,3,8,37.493684,127.06191
대티역,1,,35.103154,128.999941
대티역,1,1,35.103325,129.000085
대티역,1,2,35.103037,129.000172
대티역,1,3,35.103511,129.000488
대티역,1,4,35.103187,129.000651
대화역,3,,37.676175,126.747463
대화역,3,1,37.675906,126.747635
대화역,3,2,37.675748,126.747192
대화역,3,3,37.676209,126.74699
대화역,3,4,37.676473,126.747215
대화역,3,5,37.676497,126.747697
대화역,3,6,37.67619,126.747876
대흥역,6,,37.547699,126.942345
대흥역,6,1,37.548125,126.941649
대흥역,6,2,37.547815,126.942288
대흥역,6,3,37.547658,126.942144
대흥역,6,4,37.548048,126.94136
덕두역,BGL,,35.181953,128.95406
덕두역,BGL,1,35.181801,128.95415
덕두역,BGL,2,35.1813,128.954033
덕소역,경의·중앙,,37.586905,127.208821
덕소역,경의·중앙,1,37.587181,127.209028
덕소역,경의·중앙,2,37.586411,127.209118
덕소역,경의·중앙,3,37.58676,127.208465
덕천역,2;3,,35.210037,129.005332
덕천역,2;3,1,35.209704,129.005261
덕천역,2;3,10,35.211648,129.004883
덕천역,2;3,12,35.21054,129.006461
덕천역,2;3,2,35.209869,129.005564
덕천역,2;3,3,35.209873,129.004976
덕천역,2;3,4,35.210068,129.0057
덕천역,2;3,5,35.210197,129.004925
덕천역,2;3,6,35.21041,129.005674
덕천역,2;3,7,35.211587,129.004606
덕천역,2;3,8,35.210515,129.005373
덕천역,2;3,9,35.210334,129.00661
덕포역,2,,35.173867,128.983974
덕포역,2,1,35.1729,128.983559
덕포역,2,2,35.172848,128.983809
덕포역,2,3,35.174252,128.984025
덕포역,2,4,35.174209,128.98429
도곡역,3,,37.490635,127.055473
도곡역,3,,37.490906,127.055468
도곡역,3,1,37.490915,127.054878
도곡역,3,1,37.490915,127.054878
도곡역,3,2,37.491287,127.055752
도곡역,3,2,37.491287,127.055752
도곡역,3,3,37.490913,127.055969
도곡역,3,3,37.490913,127.055969
도곡역,3,4,37.490551,127.05512
도곡역,3,4,37.490551,127.05512
도농역,경의·중앙,,37.608783,127.161187
도농역,경의·중앙,1,37.609175,127.16113
도농역,경의·중앙,2,37.608413,127.161642
도림천역,2,,37.514454,126.882684
도림천역,2,1,37.514335,126.882895
도림천역,2,2,37.514496,126.882809
도봉산역,1;7,,37.689188,127.046572
도봉산역,1;7,,37.689836,127.046078
도봉산역,1;7,1,37.689036,127.045857
도봉산역,1;7,1,37.689036,127.045857
도봉산역,1;7,1-1,37.690422,127.046351
도봉산역,1;7,1-1,37.690422,127.046351
도봉산역,1;7,2,37.689152,127.046588
도봉산역,1;7,2,37.689152,127.046588
도봉산역,1;7,3,37.688361,127.046376
도봉산역,1;7,3,37.688361,127.046376
도봉역,1,,37.679208,127.045547
도봉역,1,1,37.680042,127.045575
도봉역,1,2,37.677701,127.045169
도봉역,1,3,37.677686,127.04536
도산역,1,,35.131378,126.787266
도산역,1,1,35.131682,126.788092
도산역,1,2,35.131287,126.787797
도산역,1,3,35.131339,126.787402
도산역,1,4,35.131954,126.787718
도심역,경의·중앙,,37.579634,127.222676
도심역,경의·중앙,1,37.579817,127.222962
도심역,경의·중앙,2,37.579417,127.222852
도원역,1,,37.468826,126.642401
도원역,1,1,37.468737,126.642053
도원역,1,2,37.468865,126.642043
도원역,1,3,37.469021,126.642389
도화역,1,,37.466124,126.668264
도화역,1,1,37.465929,126.668503
도화역,1,2,37.46599,126.66789
도화역,1,3,37.466331,126.667935
도화역,1,4,37.46628,126.668636
독립문역,3,,37.574558,126.957836
독립문역,3,1,37.575077,126.957296
독립문역,3,2,37.574909,126.957637
독립문역,3,3,37.573792,126.958918
독립문역,3,3-1,37.574193,126.958496
독립문역,3,4,37.573624,126.958684
독립문역,3,5,37.575048,126.957063
독바위역,6,,37.618337,126.933021
독바위역,6,1,37.618398,126.932843
독산역,1,,37.466074,126.889484
독산역,1,1,37.466426,126.889528
독산역,1,2,37.466456,126.888978
독산역,1,3,37.466027,126.889214
독정역,I2,,37.584863,126.675958
독정역,I2,1,37.585485,126.676012
독정역,I2,2,37.584854,126.676196
독정역,I2,3,37.585509,126.67557
돌고개역,1,,35.151715,126.895565
돌고개역,1,1,35.151691,126.895799
돌고개역,1,2,35.151617,126.895494
돌고개역,1,3,35.15191,126.895233
돌고개역,1,4,35.152115,126.895708
돌곶이역,6,,37.610566,127.056493
돌곶이역,6,1,37.610766,127.056504
돌곶이역,6,2,37.611194,127.056492
돌곶이역,6,3,37.611116,127.056814
돌곶이역,6,4,37.611137,127.057218
돌곶이역,6,5,37.610958,127.057563
돌곶이역,6,6,37.610572,127.057418
돌곶이역,6,7,37.610496,127.057283
돌곶이역,6,8,37.610499,127.056755
동구릉역,8,,37.610514,127.138109
동구릉역,8,1,37.610145,127.138017
동구릉역,8,2,37.610669,127.137273
동구릉역,8,3,37.611352,127.137495
동구릉역,8,4,37.611368,127.13819
동구릉역,8,5,37.610622,127.138757
동대문역,1;4,,37.570496,127.009529
동대문역,1;4,,37.571862,127.011489
동대문역,1;4,1,37.5701,127.009937
동대문역,1;4,1,37.5701,127.009937
동대문역,1;4,1,37.571784,127.010707
동대문역,1;4,1,37.571784,127.010707
동대문역,1;4,10,37.571241,127.008098
동대문역,1;4,2,37.57005,127.0094
동대문역,1;4,2,37.57005,127.0094
동대문역,1;4,2,37.572034,127.011745
동대문역,1;4,2,37.572034,127.011745
동대문역,1;4,3,37.569493,127.009799
동대문역,1;4,3,37.572092,127.012067
동대문역,1;4,3,37.572092,127.012067
동대문역,1;4,4,37.569493,127.00967
동대문역,1;4,4,37.571856,127.012123
동대문역,1;4,4,37.571856,127.012123
동대문역,1;4,5,37.57179,127.01185
동대문역,1;4,5,37.57179,127.01185
동대문역,1;4,6,37.571219,127.010487
동대문역,1;4,6,37.571219,127.010487
동대문역,1;4,7,37.570849,127.010131
동대문역,1;4,7,37.570849,127.010131
동대문역,1;4,8,37.570325,127.009286
동대문역,1;4,8,37.570325,127.009286
동대문역,1;4,9,37.570889,127.008797
동대문역,1;4,9,37.570889,127.008797
동대문역사문화공원역,2;4;5,,37.564277,127.007135
동대문역사문화공원역,2;4;5,,37.565261,127.008123
동대문역사문화공원역,2;4;5,,37.565876,127.008157
동대문역사문화공원역,2;4;5,1,37.565747,127.009184
동대문역사문화공원역,2;4;5,1,37.565747,127.009184
동대문역사문화공원역,2;4;5,1,37.565747,127.009184
동대문역사문화공원역,2;4;5,10,37.565612,127.008043
동대문역사문화공원역,2;4;5,10,37.565612,127.008043
동대문역사문화공원역,2;4;5,10,37.565612,127.008043
동대문역사문화공원역,2;4;5,11,37.565742,127.007442
동대문역사문화공원역,2;4;5,11,37.565742,127.007442
동대문역사문화공원역,2;4;5,11,37.565742,127.007442
동대문역사문화공원역,2;4;5,12,37.566006,127.007304
동대문역사문화공원역,2;4;5,12,37.566006,127.007304
동대문역사문화공원역,2;4;5,12,37.566006,127.007304
동대문역사문화공원역,2;4;5,13,37.566197,127.007502
동대문역사문화공원역,2;4;5,13,37.566197,127.007502
동대문역사문화공원역,2;4;5,13,37.566197,127.007502
동대문역사문화공원역,2;4;5,14,37.566452,127.007807
동대문역사문화공원역,2;4;5,14,37.566452,127.007807
동대문역사문화공원역,2;4;5,14,37.566452,127.007807
동대문역사문화공원역,2;4;5,2,37.565385,127.010418
동대문역사문화공원역,2;4;5,2,37.565385,127.010418
동대문역사문화공원역,2;4;5,3,37.564869,127.010444
동대문역사문화공원역,2;4;5,3,37.564869,127.010444
동대문역사문화공원역,2;4;5,3,37.564869,127.010444
동대문역사문화공원역,2;4;5,4,37.564375,127.00781
동대문역사문화공원역,2;4;5,4,37.564375,127.00781
동대문역사문화공원역,2;4;5,4,37.564375,127.00781
동대문역사문화공원역,2;4;5,5,37.564121,127.006361
동대문역사문화공원역,2;4;5,5,37.564121,127.006361
동대문역사문화공원역,2;4;5,5,37.564121,127.006361
동대문역사문화공원역,2;4;5,7,37.564831,127.00426
동대문역사문화공원역,2;4;5,8,37.565098,127.007262
동대문역사문화공원역,2;4;5,8,37.565098,127.007262
동대문역사문화공원역,2;4;5,8,37.565098,127.007262
동대문역사문화공원역,2;4;5,9,37.565459,127.007619
동대문역사문화공원역,2;4;5,9,37.565459,127.007619
동대문역사문화공원역,2;4;5,9,37.565459,127.007619
동대신역,1,,35.110345,129.017761
동대신역,1,1,35.111233,129.017443
동대신역,1,2,35.111371,129.017035
동대신역,1,3,35.110794,129.017679
동대신역,1,4,35.110694,129.017396
동대신역,1,5,35.1104,129.01788
동대신역,1,6,35.110308,129.017607
동대신역,1,7,35.109874,129.018149
동대신역,1,8,35.10978,129.01787
동대입구역,3,,37.559061,127.005727
동대입구역,3,1,37.559182,127.004965
동대입구역,3,2,37.559293,127.005303
동대입구역,3,3,37.559271,127.006302
동대입구역,3,4,37.559069,127.006656
동대입구역,3,5,37.558678,127.006385
동대입구역,3,6,37.558866,127.005019
동래역,동해,,35.197251,129.091145
동래역,1,,35.204651,129.07736
동래역,1,,35.205676,129.078485
동래역,동해,1,35.197438,129.091303
동래역,1,1,35.205093,129.07837
동래역,1,1,35.205093,129.07837
동래역,동해,2,35.196997,129.091198
동래역,1,2,35.205102,129.078641
동래역,1,2,35.205102,129.078641
동래역,동해,3,35.197378,129.090621
동래역,1,3,35.205987,129.078356
동래역,1,3,35.205987,129.078356
동래역,1,4,35.205992,129.078624
동래역,1,4,35.205992,129.078624
동래역,1,5,35.204993,129.076778
동래역,1,5,35.204993,129.076778
동래역,1,6,35.204863,129.076701
동래역,1,6,35.204863,129.076701
동래역,1,7,35.204826,129.077745
동래역,1,7,35.204826,129.077745
동래역,1,8,35.204442,129.077606
동래역,1,8,35.204442,129.077606
동막역,인천1,,37.398623,126.673541
동막역,인천1,1,37.398674,126.673878
동막역,인천1,2,37.398042,126.673183
동막역,인천1,3,37.398273,126.672805
동막역,인천1,4,37.398842,126.67346
동매역,1,,35.08977,128.973268
동매역,1,1,35.089593,128.974237
동매역,1,2,35.089879,128.974252
동매역,1,3,35.08944,128.973109
동매역,1,4,35.090178,128.973106
동매역,1,5,35.089442,128.972876
동매역,1,6,35.089933,128.972797
동묘앞역,1;6,,37.572342,127.015659
동묘앞역,1;6,,37.573508,127.017434
동묘앞역,1;6,1,37.573301,127.016187
동묘앞역,1;6,1,37.573301,127.016187
동묘앞역,1;6,10,37.573369,127.015763
동묘앞역,1;6,10,37.573369,127.015763
동묘앞역,1;6,2,37.57368,127.01745
동묘앞역,1;6,2,37.57368,127.01745
동묘앞역,1;6,3,37.573278,127.017254
동묘앞역,1;6,3,37.573278,127.017254
동묘앞역,1;6,4,37.572927,127.015949
동묘앞역,1;6,4,37.572927,127.015949
동묘앞역,1;6,5,37.571663,127.015797
동묘앞역,1;6,5,37.571663,127.015797
동묘앞역,1;6,6,37.571689,127.015652
동묘앞역,1;6,6,37.571689,127.015652
동묘앞역,1;6,7,37.572727,127.015342
동묘앞역,1;6,7,37.572727,127.015342
동묘앞역,1;6,8,37.573019,127.01524
동묘앞역,1;6,8,37.573019,127.01524
동묘앞역,1;6,9,37.573242,127.015501
동묘앞역,1;6,9,37.573242,127.015501
동백역,2,,35.161249,129.148093
동백역,,,35.2037,129.062624
동백역,2,1,35.161203,129.147941
동백역,2,2,35.161512,129.148102
동백역,2,3,35.161678,129.147036
동백역,2,4,35.161904,129.147387
동수역,인천1,,37.485422,126.718542
동수역,인천1,1,37.485478,126.718958
동수역,인천1,2,37.485148,126.718405
동수역,인천1,3,37.485445,126.718153
동수역,인천1,4,37.485707,126.718716
동암역,1,,37.471046,126.702877
동암역,1,1,37.470918,126.703139
동암역,1,2,37.471016,126.702614
동오역,U;의정부경전철: 발곡 → 차량기지임시승강장;의정부경전철: 차량기지임시승강장 → 탑석,,37.745235,127.056997
동오역,U;의정부경전철: 발곡 → 차량기지임시승강장;의정부경전철: 차량기지임시승강장 → 탑석,1,37.744974,127.056665
동오역,U;의정부경전철: 발곡 → 차량기지임시승강장;의정부경전철: 차량기지임시승강장 → 탑석,2,37.74549,127.056034
동오역,U;의정부경전철: 발곡 → 차량기지임시승강장;의정부경전철: 차량기지임시승강장 → 탑석,2,37.745491,127.055966
동원역,2,,35.258615,129.012433
동원역,2,1,35.257949,129.012722
동원역,2,2,35.258571,129.012536
동의대역,2,,35.153965,129.032142
동의대역,2,1,35.153966,129.033285
동의대역,2,2,35.154352,129.033186
동의대역,2,3,35.153681,129.032467
동의대역,2,4,35.154386,129.032531
동의대역,2,5,35.153574,129.032015
동의대역,2,6,35.154517,129.031781
동의대역,2,7,35.153668,129.031644
동의대역,2,8,35.154052,129.031452
동인천역,1,,37.475129,126.633057
동인천역,1,1,37.475068,126.632557
동인천역,1,2,37.475579,126.631648
동인천역,1,3,37.475719,126.631492
동인천역,1,4,37.476093,126.63221
동작역,4;9,,37.502971,126.978203
동작역,4;9,,37.503108,126.980348
동작역,4;9,1,37.502933,126.980771
동작역,4;9,1,37.502933,126.980771
동작역,4;9,2,37.503371,126.97882
동작역,4;9,2,37.503371,126.97882
동작역,4;9,3,37.501594,126.980686
동작역,4;9,3,37.501594,126.980686
동작역,4;9,4,37.501628,126.980259
동작역,4;9,4,37.501628,126.980259
동작역,4;9,5,37.503324,126.976998
동작역,4;9,5,37.503324,126.976998
동작역,4;9,6,37.503247,126.976639
동작역,4;9,7,37.503251,126.975998
동작역,4;9,8,37.503411,126.97584
동작역,4;9,9,37.504421,126.975645
동천역,신분당,,37.338098,127.102828
동천역,신분당,1,37.33777,127.103032
동천역,신분당,2,37.337738,127.102593
동천역,신분당,3,37.33858,127.102583
동춘역,인천1,,37.40482,126.680271
동춘역,인천1,1,37.405334,126.681098
동춘역,인천1,2,37.404964,126.680744
동춘역,인천1,3,37.404439,126.680172
동춘역,인천1,4,37.404681,126.679779
동춘역,인천1,5,37.405191,126.680289
동춘역,인천1,6,37.405634,126.680691
두실역,1,,35.25703,129.091393
두실역,1,1,35.25633,129.091247
두실역,1,1,35.256335,129.09123
두실역,1,2,35.256331,129.091561
두실역,1,2,35.256335,129.091552
두실역,1,3,35.256689,129.09123
두실역,1,3,35.256746,129.09124
두실역,1,4,35.256689,129.091529
두실역,1,4,35.256747,129.091555
두실역,1,5,35.257314,129.091234
두실역,1,5,35.257328,129.091235
두실역,1,6,35.257314,129.091548
두실역,1,6,35.257327,129.091536
두실역,1,7,35.257618,129.09123
두실역,1,7,35.25773,129.091227
두실역,1,8,35.25762,129.09153
두실역,1,8,35.257729,129.091541
둔촌동역,5,,37.527802,127.136243
둔촌동역,5,1,37.528072,127.13668
둔촌동역,5,2,37.527425,127.136457
둔촌동역,5,3,37.52753,127.135832
둔촌동역,5,4,37.528202,127.136109
둔촌오륜역,9,,37.519841,127.138418
둔촌오륜역,9,1,37.519682,127.138789
둔촌오륜역,9,2,37.519106,127.138386
등구역,BGL,,35.196159,128.9635
등구역,BGL,1,35.195717,128.963315
등구역,BGL,2,35.195727,128.963694
등촌역,9,,37.551152,126.864574
등촌역,9,1,37.55159,126.864131
등촌역,9,2,37.551223,126.865064
등촌역,9,4,37.549604,126.867218
등촌역,9,5,37.55083,126.864679
등촌역,9,6,37.550691,126.864323
등촌역,9,7,37.550874,126.863957
등촌역,9,8,37.551292,126.86375
디지털미디어시티역,6,,37.576189,126.901456
디지털미디어시티역,6,,37.577396,126.898077
디지털미디어시티역,6,,37.577673,126.900077
디지털미디어시티역,6,1,37.577731,126.902436
디지털미디어시티역,6,1,37.577731,126.902436
디지털미디어시티역,6,2,37.575373,126.899985
디지털미디어시티역,6,2,37.575373,126.899985
디지털미디어시티역,6,2,37.575373,126.899985
디지털미디어시티역,6,3,37.575544,126.900245
디지털미디어시티역,6,3,37.575544,126.900245
디지털미디어시티역,6,3,37.575544,126.900245
디지털미디어시티역,6,4,37.577485,126.902236
디지털미디어시티역,6,4,37.577485,126.902236
디지털미디어시티역,6,5,37.578104,126.90209
디지털미디어시티역,6,5,37.578104,126.90209
디지털미디어시티역,6,6,37.578132,126.900269
디지털미디어시티역,6,6,37.578132,126.900269
디지털미디어시티역,6,6,37.578132,126.900269
디지털미디어시티역,6,7,37.576748,126.898813
디지털미디어시티역,6,7,37.576748,126.898813
디지털미디어시티역,6,7,37.576748,126.898813
디지털미디어시티역,6,8,37.577112,126.89798
디지털미디어시티역,6,8,37.577112,126.89798
디지털미디어시티역,6,9,37.577653,126.89711
디지털미디어시티역,6,9,37.577653,126.89711
뚝섬역,2,,37.547235,127.04741
뚝섬역,2,1,37.547656,127.046405
뚝섬역,2,2,37.547548,127.046822
뚝섬역,2,3,37.547127,127.048247
뚝섬역,2,4,37.546902,127.048971
뚝섬역,2,5,37.546674,127.048698
뚝섬역,2,6,37.546823,127.04808
뚝섬역,2,7,37.547276,127.046736
뚝섬역,2,8,37.547472,127.046317
마곡나루역,9,,37.566218,126.827917
마곡나루역,9,1,37.566961,126.82668
마곡나루역,9,2,37.566913,126.827491
마곡나루역,9,3,37.565722,126.828012
마곡나루역,9,4,37.564927,126.827905
마곡나루역,9,5,37.564974,126.82739
마곡나루역,9,6,37.565985,126.827454
마곡역,5,,37.560249,126.824746
마곡역,5,1,37.56018,126.824543
마곡역,5,2,37.560216,126.825647
마곡역,5,3,37.559882,126.827732
마곡역,5,4,37.559425,126.827593
마곡역,5,5,37.559087,126.827013
마곡역,5,6,37.559566,126.825762
마곡역,5,7,37.559614,126.824957
마두역,3,,37.652004,126.77776
마두역,3,1,37.651427,126.777908
마두역,3,2,37.651672,126.777318
마두역,3,3,37.651956,126.777166
마두역,3,4,37.652445,126.77728
마두역,3,5,37.652572,126.777644
마두역,3,6,37.652332,126.778284
마두역,3,7,37.652024,126.778466
마두역,3,8,37.651554,126.778257
마들역,7,,37.665038,127.057721
마들역,7,1,37.6661,127.057593
마들역,7,2,37.665795,127.057675
마들역,7,3,37.664877,127.057905
마들역,7,4,37.66429,127.058099
마들역,7,5,37.664251,127.057743
마들역,7,6,37.664967,127.057566
마들역,7,7,37.665742,127.057315
마들역,7,8,37.666028,127.057271
마산역,김포 골드라인,,37.6406,126.644238
마산역,김포 골드라인,1,37.64071,126.643075
마산역,김포 골드라인,2,37.640343,126.643161
마산역,김포 골드라인,3,37.640517,126.644015
마산역,김포 골드라인,4,37.640852,126.643758
마장역,5,,37.566098,127.042881
마장역,5,1,37.565809,127.04218
마장역,5,2,37.566173,127.042783
마장역,5,3,37.56593,127.043009
마장역,5,4,37.565565,127.042397
마전역,I2,,37.597566,126.667247
마전역,I2,1,37.597585,126.667473
마전역,I2,2,37.597364,126.667149
마전역,I2,3,37.59808,126.666531
마천역,5,,37.494953,127.152724
마천역,5,1,37.49466,127.152194
마천역,5,2,37.495441,127.153237
마포구청역,6,,37.563559,126.903364
마포구청역,6,1,37.564636,126.902564
마포구청역,6,2,37.564273,126.902879
마포구청역,6,3,37.563026,126.904696
마포구청역,6,4,37.562655,126.904355
마포구청역,6,5,37.562544,126.904084
마포구청역,6,6,37.562663,126.903363
마포구청역,6,7,37.562941,126.903197
마포구청역,6,8,37.564429,126.902291
마포역,5,,37.539637,126.945993
마포역,5,1,37.539552,126.94538
마포역,5,2,37.540005,126.946118
마포역,5,3,37.539807,126.946633
마포역,5,4,37.539264,126.945781
만덕역,3,,35.213008,129.036489
만덕역,3,1,35.212087,129.036457
만덕역,3,2,35.213174,129.036843
만덕역,3,3,35.212549,129.036292
만덕역,3,4,35.213304,129.036189
만수역,I2,,37.454968,126.731859
만수역,I2,1,37.455123,126.731435
만수역,I2,2,37.455063,126.732298
만수역,I2,3,37.454841,126.73229
만수역,I2,4,37.454902,126.731401
망미역,3,,35.171753,129.107523
망미역,3,1,35.171038,129.109563
망미역,3,2,35.171326,129.109655
망미역,3,3,35.171328,129.108684
망미역,3,4,35.171522,129.108783
망미역,3,5,35.171496,129.107973
망미역,3,6,35.171678,129.108038
망미역,3,7,35.17165,129.107336
망미역,3,8,35.171838,129.107405
망우역,경의·중앙;경춘,,37.599635,127.091858
망우역,경의·중앙;경춘,1,37.599227,127.09273
망우역,경의·중앙;경춘,2,37.600048,127.091406
망우역,경의·중앙;경춘,3,37.600293,127.091983
망원역,6,,37.556025,126.910128
망원역,6,1,37.555999,126.910259
망원역,6,2,37.555942,126.910103
망월사역,1,,37.710253,127.047397
망월사역,1,1,37.711258,127.047338
망월사역,1,2,37.711202,127.047092
망월사역,1,3,37.709036,127.04753
매봉역,3,,37.487069,127.046978
매봉역,3,1,37.486753,127.045825
매봉역,3,2,37.486995,127.046337
매봉역,3,3,37.486667,127.046625
매봉역,3,4,37.486426,127.046131
먹골역,7,,37.611442,127.077652
먹골역,7,1,37.611536,127.077884
먹골역,7,2,37.611157,127.077841
먹골역,7,3,37.610202,127.077962
먹골역,7,4,37.609815,127.078027
먹골역,7,5,37.609794,127.0778
먹골역,7,6,37.610179,127.077729
먹골역,7,7,37.611608,127.077371
면목역,7,,37.5884,127.087604
면목역,7,1,37.589493,127.087367
면목역,7,2,37.588316,127.08797
면목역,7,3,37.588634,127.087309
명동역,4,,37.560898,126.986376
명동역,4,1,37.560862,126.987262
명동역,4,10,37.561168,126.987868
명동역,4,2,37.560775,126.985896
명동역,4,3,37.560732,126.98549
명동역,4,4,37.560675,126.984824
명동역,4,5,37.560872,126.984721
명동역,4,6,37.560926,126.984915
명동역,4,7,37.560956,126.985416
명동역,4,8,37.560986,126.985857
명동역,4,9,37.561119,126.98732
명륜역,1,,35.212646,129.079721
명륜역,1,1,35.212204,129.079344
명륜역,1,2,35.212133,129.079513
명륜역,1,3,35.213046,129.079904
명륜역,1,4,35.212967,129.080073
명륜역,1,5,35.211924,129.079152
명일역,5,,37.551953,127.144085
명일역,5,1,37.55117,127.14392
명일역,5,2,37.551775,127.143971
명일역,5,3,37.551533,127.144135
명일역,5,4,37.551082,127.144084
명장역,,,35.20537,129.101767
명장역,,1,35.204963,129.101439
명장역,,2,35.204878,129.101673
명장역,,3,35.20545,129.101744
명장역,,4,35.205356,129.101999
명학역,1,,37.384394,126.935609
명학역,1,1,37.385464,126.93502
명학역,1,2,37.385474,126.935632
모덕역,2,,35.180369,128.985563
모덕역,2,1,35.179746,128.985347
모덕역,2,2,35.179728,128.985613
모덕역,2,3,35.181046,128.985677
모덕역,2,4,35.181044,128.985993
모라역,2,,35.189303,128.988423
모라역,2,1,35.188788,128.988078
모라역,2,2,35.188697,128.988385
모라역,2,3,35.190324,128.988838
모라역,2,4,35.19025,128.989038
모란역,8,,37.432224,127.129083
모란역,8,,37.433739,127.129155
모란역,8,1,37.432943,127.129193
모란역,8,1,37.432943,127.129193
모란역,8,10,37.433992,127.129073
모란역,8,10,37.433992,127.129073
모란역,8,11,37.434008,127.129636
모란역,8,11,37.434008,127.129636
모란역,8,12,37.433428,127.129517
모란역,8,12,37.433428,127.129517
모란역,8,2,37.432401,127.129273
모란역,8,2,37.432401,127.129273
모란역,8,3,37.431733,127.129361
모란역,8,3,37.431733,127.129361
모란역,8,4,37.431213,127.12946
모란역,8,4,37.431213,127.12946
모란역,8,5,37.431237,127.129053
모란역,8,5,37.431237,127.129053
모란역,8,6,37.431718,127.128972
모란역,8,6,37.431718,127.128972
모란역,8,7,37.432316,127.128911
모란역,8,7,37.432316,127.128911
모란역,8,8,37.432843,127.128826
모란역,8,8,37.432843,127.128826
모란역,8,9,37.433984,127.128557
모란역,8,9,37.433984,127.128557
모래내시장역,I2,,37.455858,126.71948
모래내시장역,I2,1,37.45604,126.718881
모래내시장역,I2,2,37.455965,126.719844
모래내시장역,I2,3,37.455753,126.719806
모래내시장역,I2,4,37.455817,126.718841
목동역,5,,37.526124,126.864517
목동역,5,1,37.526175,126.863532
목동역,5,2,37.526429,126.864103
목동역,5,3,37.526534,126.864501
목동역,5,4,37.526381,126.864662
목동역,5,5,37.525813,126.864916
목동역,5,6,37.525583,126.864717
목동역,5,7,37.525731,126.864266
목동역,5,8,37.525988,126.863966
못골역,2,,35.13474,129.084777
못골역,2,1,35.134639,129.084729
못골역,2,2,35.134791,129.084725
못골역,2,3,35.134612,129.084123
못골역,2,4,35.134766,129.084126
몽촌토성역,8,,37.517533,127.11267
몽촌토성역,8,1,37.516363,127.115082
몽촌토성역,8,1,37.517706,127.113286
몽촌토성역,8,2,37.517037,127.112793
몽촌토성역,8,3,37.517032,127.112358
몽촌토성역,8,4,37.517585,127.112233
몽촌토성역,8,5,37.51783,127.112599
무악재역,3,,37.582317,126.95035
무악재역,3,1,37.582492,126.950479
무악재역,3,2,37.582167,126.950648
무악재역,3,3,37.58209,126.950358
무악재역,3,4,37.582401,126.950208
문래역,2,,37.518384,126.894873
문래역,2,1,37.517152,126.894417
문래역,2,2,37.518694,126.894818
문래역,2,3,37.519031,126.894759
문래역,2,4,37.518724,126.895101
문래역,2,5,37.517384,126.895104
문래역,2,6,37.517133,126.895058
문래역,2,7,37.517081,126.894812
문정역,8,,37.485836,127.122518
문정역,8,1,37.486626,127.122387
문정역,8,2,37.486237,127.122619
문정역,8,3,37.486048,127.12218
문정역,8,4,37.486503,127.12192
문학경기장역,인천1,,37.435105,126.697795
문학경기장역,인천1,1,37.435463,126.69742
문학경기장역,인천1,2,37.434836,126.696837
문현역,2,,35.139136,129.067309
문현역,2,1,35.138191,129.067453
문현역,2,2,35.138286,129.06793
문현역,2,3,35.13954,129.066901
문현역,2,4,35.139797,129.067377
문화전당역,1,,35.146678,126.919814
문화전당역,1,1,35.14581,126.920186
문화전당역,1,2,35.145866,126.920387
문화전당역,1,3,35.147011,126.919175
문화전당역,1,4,35.147202,126.919624
문화전당역,1,5,35.146746,126.919949
문화전당역,1,6,35.146124,126.920269
물금역,,,35.306635,128.985385
물만골역,3,,35.17664,129.085839
물만골역,3,1,35.176237,129.0858
물만골역,3,2,35.176255,129.086069
물만골역,3,3,35.177363,129.085318
물만골역,3,4,35.177399,129.085581
미금역,수인·분당;신분당,,37.349428,127.10916
미금역,수인·분당;신분당,,37.349978,127.108891
미금역,수인·분당;신분당,,37.350023,127.108998
미금역,수인·분당;신분당,1,37.350519,127.109144
미금역,수인·분당;신분당,1,37.350519,127.109144
미금역,수인·분당;신분당,1,37.350519,127.109144
미금역,수인·분당;신분당,2,37.350199,127.10955
미금역,수인·분당;신분당,2,37.350199,127.10955
미금역,수인·분당;신분당,2,37.350199,127.10955
미금역,수인·분당;신분당,3,37.349838,127.109555
미금역,수인·분당;신분당,3,37.349838,127.109555
미금역,수인·분당;신분당,3,37.349838,127.109555
미금역,수인·분당;신분당,4,37.349521,127.109146
미금역,수인·분당;신분당,4,37.349521,127.109146
미금역,수인·분당;신분당,4,37.349521,127.109146
미금역,수인·분당;신분당,5,37.349439,127.108599
미금역,수인·분당;신분당,5,37.349439,127.108599
미금역,수인·분당;신분당,5,37.349439,127.108599
미금역,수인·분당;신분당,6,37.349812,127.108205
미금역,수인·분당;신분당,6,37.349812,127.108205
미금역,수인·분당;신분당,6,37.349812,127.108205
미금역,수인·분당;신분당,7,37.350176,127.108216
미금역,수인·분당;신분당,7,37.350176,127.108216
미금역,수인·분당;신분당,7,37.350176,127.108216
미금역,수인·분당;신분당,8,37.350518,127.108668
미금역,수인·분당;신분당,8,37.350518,127.108668
미금역,수인·분당;신분당,8,37.350518,127.108668
미남역,3,,35.206533,129.068747
미남역,3,1,35.204728,129.067366
미남역,3,10,35.207358,129.069876
미남역,3,11,35.208399,129.068942
미남역,3,12,35.207858,129.070392
미남역,3,13,35.20852,129.069528
미남역,3,14,35.208305,129.070204
미남역,3,2,35.20462,129.067616
미남역,3,3,35.205236,129.067712
미남역,3,4,35.20514,129.067962
미남역,3,5,35.205865,129.068181
미남역,3,6,35.205783,129.068391
미남역,3,7,35.206448,129.06855
미남역,3,8,35.206757,129.069465
미남역,3,9,35.207595,129.069017
미사역,5,,37.563055,127.192822
미사역,5,1,37.563174,127.192519
미사역,5,10,37.562861,127.192625
미사역,5,2,37.563682,127.192479
미사역,5,3,37.56412,127.192313
미사역,5,4,37.563764,127.192807
미사역,5,5,37.563357,127.193234
미사역,5,6,37.563041,127.193368
미사역,5,7,37.562532,127.193336
미사역,5,8,37.562199,127.193419
미사역,5,9,37.562458,127.192971
미아사거리역,4,,37.613185,127.030091
미아사거리역,4,1,37.614184,127.03025
미아사거리역,4,2,37.612692,127.030309
미아사거리역,4,3,37.612407,127.030318
미아사거리역,4,4,37.612459,127.029987
미아사거리역,4,5,37.612979,127.029927
미아사거리역,4,6,37.614147,127.029883
미아역,4,,37.626494,127.026109
미아역,4,1,37.627361,127.025954
미아역,4,2,37.627305,127.026227
미아역,4,3,37.626134,127.026377
미아역,4,4,37.625706,127.026521
미아역,4,5,37.625669,127.026227
미아역,4,6,37.626029,127.026077
미아역,4,7,37.626864,127.025755
미아역,4,8,37.627288,127.025567
민락역,2,,35.167395,129.121719
민락역,2,1,35.166466,129.122663
민락역,2,2,35.166574,129.122788
민락역,2,3,35.167411,129.12141
민락역,2,4,35.167573,129.12158
박물관역,BGL,,35.240004,128.871819
박물관역,BGL,1,35.239737,128.871404
박물관역,BGL,2,35.239808,128.871939
반여농산물시장역,,,35.217752,129.123964
반여농산물시장역,,1,35.217881,129.12355
반여농산물시장역,,2,35.217769,129.124467
반포역,7,,37.508175,127.011635
반포역,7,1,37.508111,127.012107
반포역,7,2,37.507921,127.011464
반포역,7,3,37.507579,127.010292
반포역,7,4,37.507891,127.01024
반포역,7,5,37.508213,127.011292
반포역,7,6,37.508622,127.011564
발곡역,U;의정부경전철: 발곡 → 차량기지임시승강장;의정부경전철: 차량기지임시승강장 → 탑석,,37.727007,127.052954
발곡역,U;의정부경전철: 발곡 → 차량기지임시승강장;의정부경전철: 차량기지임시승강장 → 탑석,1,37.727301,127.052947
발곡역,U;의정부경전철: 발곡 → 차량기지임시승강장;의정부경전철: 차량기지임시승강장 → 탑석,2,37.726918,127.053125
발산역,5,,37.558495,126.837465
발산역,5,1,37.558863,126.837492
발산역,5,2,37.558922,126.838103
발산역,5,3,37.558889,126.838558
발산역,5,4,37.558717,126.838685
발산역,5,5,37.558296,126.838578
발산역,5,6,37.558167,126.838351
발산역,5,7,37.558193,126.837902
발산역,5,8,37.558484,126.837219
발산역,5,9,37.558893,126.836951
방배역,2,,37.481466,126.997707
방배역,2,1,37.481204,126.997934
방배역,2,2,37.481158,126.997649
방배역,2,3,37.481682,126.997345
방배역,2,4,37.481712,126.997733
방이역,5,,37.508643,127.126039
방이역,5,1,37.508818,127.126355
방이역,5,2,37.508293,127.126186
방이역,5,2,37.508322,127.126051
방이역,5,3,37.508445,127.12573
방이역,5,4,37.508929,127.126014
방학역,1,,37.66769,127.044303
방학역,1,1,37.66855,127.044115
방학역,1,2,37.668561,127.044311
방학역,1,3,37.666254,127.044523
방화역,5,,37.577404,126.812732
방화역,5,1,37.577241,126.813068
방화역,5,2,37.577129,126.812775
방화역,5,3,37.57715,126.812528
방화역,5,4,37.577444,126.812281
배산역,3,,35.173473,129.095751
배산역,3,1,35.173294,129.096372
배산역,3,2,35.173445,129.096369
배산역,3,3,35.173381,129.095799
배산역,3,4,35.17351,129.095815
배산역,3,5,35.173497,129.094745
배산역,3,6,35.173639,129.094765
백마역,경의·중앙;서해,,37.65833,126.794475
백마역,경의·중앙;서해,1,37.658119,126.794041
백마역,경의·중앙;서해,2,37.658435,126.794669
백석역,3,,37.643036,126.788038
백석역,3,1,37.642638,126.788193
백석역,3,2,37.642582,126.787733
백석역,3,3,37.642807,126.787416
백석역,3,4,37.64321,126.787425
백석역,3,5,37.643493,126.787774
백석역,3,6,37.643543,126.788268
백석역,3,7,37.643298,126.788689
백석역,3,8,37.642898,126.788573
백운역,1,,37.483123,126.707111
백운역,1,1,37.483566,126.707929
백운역,1,2,37.483767,126.707391
백운역,1,3,37.483829,126.7076
버티고개역,6,,37.548232,127.006588
버티고개역,6,1,37.548358,127.007159
버티고개역,6,2,37.548296,127.007398
버티고개역,6,3,37.547859,127.007076
범계역,4,,37.389913,126.95091
범계역,4,1,37.39029,126.951564
범계역,4,2,37.39021,126.951834
범계역,4,3,37.389772,126.951812
범계역,4,4,37.390058,126.951237
범계역,4,4-1,37.389606,126.951226
범계역,4,5,37.389368,126.950247
범계역,4,6,37.389161,126.950034
범계역,4,7,37.389647,126.949411
범계역,4,8,37.389845,126.949671
범골역,U;의정부경전철: 발곡 → 차량기지임시승강장;의정부경전철: 차량기지임시승강장 → 탑석,,37.728773,127.043681
범골역,U;의정부경전철: 발곡 → 차량기지임시승강장;의정부경전철: 차량기지임시승강장 → 탑석,1,37.728795,127.043821
범골역,U;의정부경전철: 발곡 → 차량기지임시승강장;의정부경전철: 차량기지임시승강장 → 탑석,2,37.728666,127.043557
범내골역,1,,35.147401,129.059202
범내골역,1,1,35.146594,129.059142
범내골역,1,2,35.146605,129.059395
범내골역,1,3,35.146853,129.058924
범내골역,1,4,35.146859,129.0595
범내골역,1,5,35.147728,129.058969
범내골역,1,6,35.147681,129.059531
범내골역,1,7,35.148023,129.059114
범내골역,1,8,35.148024,129.059333
범어사역,1,,35.273102,129.092668
범어사역,1,1,35.272377,129.092458
범어사역,1,2,35.272411,129.092756
범어사역,1,3,35.272768,129.09244
범어사역,1,4,35.272774,129.092742
범어사역,1,5,35.273549,129.092434
범어사역,1,6,35.27356,129.0928
범어사역,1,7,35.273892,129.092441
범어사역,1,8,35.273901,129.09279
범일역,1,,35.140947,129.059365
범일역,1,1,35.139648,129.059287
범일역,1,10,35.141644,129.059618
범일역,1,12,35.141898,129.059505
범일역,1,2,35.139651,129.059484
범일역,1,3,35.140056,129.059283
범일역,1,4,35.140059,129.059478
범일역,1,5,35.140814,129.059201
범일역,1,6,35.140822,129.059504
범일역,1,7,35.141147,129.059115
범일역,1,8,35.14115,129.059498
범일역,1,9,35.141628,129.05919
벡스코역,2,,35.168889,129.138751
벡스코역,2,,35.171571,129.136097
벡스코역,2,1,35.168166,129.139484
벡스코역,2,1,35.1714,129.136157
벡스코역,2,11,35.169051,129.138335
벡스코역,2,2,35.168375,129.139742
벡스코역,2,2,35.171662,129.136034
벡스코역,2,3,35.167973,129.139265
벡스코역,2,3,35.171721,129.135927
벡스코역,2,4,35.168783,129.139386
벡스코역,2,4,35.171944,129.135514
벡스코역,2,5,35.168267,129.138525
벡스코역,2,6,35.169199,129.138836
벡스코역,2,7,35.168633,129.13845
벡스코역,2,8,35.169288,129.1385
벡스코역,2,9,35.168818,129.138297
별내별가람역,4,,37.667824,127.116269
별내별가람역,4,1,37.667783,127.115808
별내별가람역,4,2,37.668225,127.116082
별내별가람역,4,3,37.667618,127.116484
별내별가람역,4,4,37.667545,127.116295
별내역,8,,37.642035,127.127817
별내역,8,,37.642333,127.127609
별내역,8,2,37.64224,127.12711
별내역,8,2,37.64224,127.12711
별내역,8,3,37.642359,127.127129
별내역,8,3,37.642359,127.127129
별내역,8,4,37.643082,127.126515
별내역,8,4,37.643082,127.126515
별내역,8,5,37.642614,127.127648
별내역,8,5,37.642614,127.127648
별내역,8,6,37.641717,127.128175
별내역,8,6,37.641717,127.128175
별내역,8,7,37.641601,127.127703
별내역,8,7,37.641601,127.127703
보라매공원역,Silim,,37.495293,126.91819
보라매공원역,Silim,1,37.495391,126.918281
보라매공원역,Silim,2,37.495357,126.918026
보라매병원역,Silim,,37.492964,126.924273
보라매병원역,Silim,1,37.493166,126.923781
보라매병원역,Silim,2,37.492691,126.92462
보라매역,7,,37.499928,126.920376
보라매역,7,,37.500281,126.920474
보라매역,7,1,37.499831,126.920664
보라매역,7,1,37.499831,126.920664
보라매역,7,2,37.499655,126.920423
보라매역,7,2,37.499655,126.920423
보라매역,7,3,37.499657,126.920202
보라매역,7,3,37.499657,126.920202
보라매역,7,4,37.49985,126.919338
보라매역,7,4,37.49985,126.919338
보라매역,7,5,37.500012,126.919374
보라매역,7,5,37.500012,126.919374
보라매역,7,6,37.500238,126.920286
보라매역,7,6,37.500238,126.920286
보라매역,7,7,37.500287,126.920571
보라매역,7,7,37.500287,126.920571
보라매역,7,8,37.499984,126.92082
보라매역,7,8,37.499984,126.92082
보문역,6,,37.585029,127.019514
보문역,6,,37.585274,127.019374
보문역,6,1,37.585264,127.018997
보문역,6,1,37.585264,127.018997
보문역,6,2,37.58554,127.019146
보문역,6,2,37.58554,127.019146
보문역,6,3,37.585591,127.019317
보문역,6,3,37.585591,127.019317
보문역,6,4,37.585477,127.019658
보문역,6,4,37.585477,127.019658
보문역,6,5,37.585331,127.019729
보문역,6,5,37.585331,127.019729
보문역,6,6,37.585036,127.01964
보문역,6,6,37.585036,127.01964
보문역,6,7,37.584974,127.019433
보문역,6,7,37.584974,127.019433
보문역,6,8,37.585066,127.019107
보문역,6,8,37.585066,127.019107
보정역,수인·분당,,37.312596,127.108344
보정역,수인·분당,1,37.313783,127.108574
보정역,수인·분당,2,37.312166,127.108616
보정역,수인·분당,3,37.312156,127.108008
보정역,수인·분당,4,37.31386,127.108149
복정역,8,,37.470577,127.126713
복정역,8,,37.470916,127.126731
복정역,8,1,37.471531,127.127018
복정역,8,1,37.471531,127.127018
복정역,8,2,37.470224,127.126925
복정역,8,2,37.470224,127.126925
복정역,8,3,37.471055,127.126393
복정역,8,3,37.471055,127.126393
복정역,8,4,37.471443,127.126482
복정역,8,4,37.471443,127.126482
봉은사역,9,,37.514187,127.060241
봉은사역,9,1,37.51414,127.059316
봉은사역,9,2,37.514523,127.059837
봉은사역,9,3,37.514729,127.060232
봉은사역,9,4,37.514484,127.061088
봉은사역,9,5,37.514263,127.061111
봉은사역,9,6,37.514031,127.060771
봉은사역,9,7,37.513842,127.060018
봉천역,2,,37.482389,126.941939
봉천역,2,1,37.482128,126.942635
봉천역,2,2,37.482201,126.942194
봉천역,2,3,37.482597,126.940703
봉천역,2,4,37.482897,126.940802
봉천역,2,5,37.482477,126.942286
봉천역,2,6,37.482419,126.942708
봉화산역,6,,37.617416,127.091097
봉화산역,6,1,37.617798,127.090696
봉화산역,6,2,37.61682,127.092914
봉화산역,6,3,37.616588,127.092705
봉화산역,6,4,37.617346,127.090538
봉화산역,6,5,37.61767,127.090189
봉황역,BGL,,35.227204,128.87428
봉황역,BGL,1,35.226996,128.874052
봉황역,BGL,2,35.226928,128.874294
봉황역,BGL,3,35.227009,128.874897
부개역,1,,37.488491,126.740606
부개역,1,1,37.488327,126.740153
부개역,1,2,37.488716,126.740134
부산대양산캠퍼스역,2,,35.316921,129.01394
부산대양산캠퍼스역,2,1,35.316717,129.013409
부산대양산캠퍼스역,2,3,35.317172,129.013015
부산대양산캠퍼스역,2,5,35.317229,129.013673
부산대역,1,,35.229638,129.089361
부산대역,1,1,35.229244,129.089268
부산대역,1,2,35.229227,129.08951
부산대역,1,3,35.230322,129.089161
부산대역,1,4,35.230326,129.089383
부산역,1,,35.115553,129.042587
부산역,,,35.115726,129.039903
부산역,,1,35.11392,129.038883
부산역,,10,35.115124,129.039916
부산역,1,10,35.115124,129.039916
부산역,,2,35.1137,129.039195
부산역,,3,35.114172,129.038997
부산역,,4,35.113994,129.039318
부산역,,5,35.114972,129.039396
부산역,1,5,35.114972,129.039396
부산역,,6,35.114765,129.039759
부산역,1,6,35.114765,129.039759
부산역,,7,35.115218,129.039491
부산역,1,7,35.115218,129.039491
부산역,,8,35.114835,129.040069
부산역,1,8,35.114835,129.040069
부산원동역,,,35.193625,129.114162
부산원동역,,1,35.194073,129.113628
부산원동역,,2,35.193888,129.114811
부산진역,1,,35.129028,129.049221
부산진역,1,1,35.127234,129.046816
부산진역,1,2,35.126844,129.047343
부산진역,1,3,35.127385,129.047191
부산진역,1,4,35.12717,129.047545
부산진역,1,5,35.127992,129.04789
부산진역,1,6,35.12783,129.048142
부산진역,1,7,35.128446,129.048399
부산진역,1,8,35.128223,129.048554
부암역,2,,35.157421,129.050502
부암역,2,1,35.1573,129.051209
부암역,2,2,35.157802,129.051115
부암역,2,3,35.157109,129.05107
부암역,2,4,35.157901,129.050932
부암역,2,5,35.157102,129.050425
부암역,2,6,35.157758,129.050309
부암역,2,7,35.156914,129.049276
부암역,2,8,35.157286,129.049143
부원역,BGL,,35.226464,128.883883
부원역,BGL,1,35.226597,128.883781
부원역,BGL,2,35.226203,128.883833
부전역,1,,35.1626,129.062941
부전역,1,,35.164601,129.060107
부전역,1,1,35.16221,129.062235
부전역,1,1,35.163955,129.060786
부전역,1,1,35.163955,129.060786
부전역,1,2,35.161696,129.062543
부전역,1,2,35.165222,129.060472
부전역,1,3,35.162293,129.062574
부전역,1,4,35.162179,129.062873
부전역,1,5,35.16295,129.063153
부전역,1,6,35.16285,129.063398
부전역,1,7,35.163353,129.06342
부전역,1,8,35.163254,129.063681
부천역,1,,37.48411,126.782735
부천역,1,1,37.483675,126.783631
부천역,1,2,37.483791,126.782467
부천역,1,3,37.484327,126.782325
부천역,1,4,37.484224,126.782938
부천역,1,5,37.484156,126.783536
부천종합운동장역,7,,37.505457,126.797288
부천종합운동장역,7,,37.505836,126.797461
부천종합운동장역,7,1,37.505437,126.79809
부천종합운동장역,7,1,37.505437,126.79809
부천종합운동장역,7,2,37.504687,126.797441
부천종합운동장역,7,2,37.504687,126.797441
부천종합운동장역,7,3,37.505065,126.796775
부천종합운동장역,7,3,37.505065,126.796775
부천종합운동장역,7,5,37.506386,126.797381
부천종합운동장역,7,5,37.506386,126.797381
부천종합운동장역,7,6,37.506276,126.797871
부천종합운동장역,7,6,37.506276,126.797871
부평구청역,7,,37.507465,126.721104
부평구청역,7,,37.508228,126.720554
부평구청역,7,1,37.508477,126.720765
부평구청역,7,1,37.508477,126.720765
부평구청역,7,2,37.50802,126.720749
부평구청역,7,2,37.50802,126.720749
부평구청역,7,3,37.507619,126.721609
부평구청역,7,3,37.507619,126.721609
부평구청역,7,4,37.507224,126.722161
부평구청역,7,4,37.507224,126.722161
부평구청역,7,5,37.507243,126.721398
부평구청역,7,5,37.507243,126.721398
부평구청역,7,6,37.507278,126.72039
부평구청역,7,6,37.507278,126.72039
부평구청역,7,7,37.507401,126.719786
부평구청역,7,7,37.507401,126.719786
부평구청역,7,8,37.507729,126.720154
부평구청역,7,8,37.507729,126.720154
부평구청역,7,9,37.508213,126.720343
부평구청역,7,9,37.508213,126.720343
부평삼거리역,인천1,,37.477909,126.710357
부평삼거리역,인천1,1,37.477917,126.710472
부평삼거리역,인천1,2,37.47716,126.71022
부평삼거리역,인천1,3,37.477218,126.709903
부평삼거리역,인천1,4,37.47792,126.710149
부평시장역,인천1,,37.498368,126.722289
부평시장역,인천1,1,37.49894,126.722378
부평시장역,인천1,2,37.497856,126.722534
부평시장역,인천1,3,37.497738,126.722191
부평시장역,인천1,4,37.498981,126.722011
부평역,1,,37.489454,126.724559
부평역,1,,37.489985,126.723735
부평역,1,1,37.488965,126.72545
부평역,1,1,37.488965,126.72545
부평역,1,2,37.489082,126.723455
부평역,1,2,37.489082,126.723455
부평역,1,3,37.490088,126.722875
부평역,1,3,37.490088,126.722875
부평역,1,5,37.490688,126.722853
부평역,1,5,37.490688,126.722853
부평역,1,6,37.491142,126.72346
부평역,1,6,37.491142,126.72346
부평역,1,7,37.491115,126.723785
부평역,1,7,37.491115,126.723785
부평역,1,8,37.490122,126.724358
부평역,1,8,37.490122,126.724358
북한산보국문역,W,,37.61218,127.008174
북한산보국문역,W,1,37.611786,127.008543
북한산보국문역,W,2,37.612446,127.00788
북한산우이역,W,,37.663324,127.012412
북한산우이역,W,1,37.663369,127.012689
북한산우이역,W,2,37.662986,127.012526
불광역,3;6,,37.610881,126.929631
불광역,3;6,1,37.610254,126.930286
불광역,3;6,2,37.60917,126.931235
불광역,3;6,3,37.609008,126.931102
불광역,3;6,4,37.61015,126.930049
불광역,3;6,5,37.610632,126.929613
불광역,3;6,6,37.610688,126.929263
불광역,3;6,7,37.610853,126.929052
불광역,3;6,8,37.611212,126.929478
불광역,3;6,9,37.610966,126.9299
불암산역,4,,37.670098,127.078924
불암산역,4,1,37.670467,127.079373
불암산역,4,2,37.66986,127.078843
불암산역,4,3,37.669934,127.078657
불암산역,4,4,37.670537,127.079243
불암산역,4,5,37.671037,127.079726
불암역,BGL,,35.222175,128.927848
불암역,BGL,1,35.222005,128.927602
불암역,BGL,2,35.222285,128.928076
사가정역,7,,37.580697,127.088411
사가정역,7,1,37.581607,127.088497
사가정역,7,2,37.58096,127.088282
사가정역,7,3,37.580626,127.08804
사가정역,7,4,37.580493,127.088731
사당역,2;4,,37.476583,126.981668
사당역,2;4,1,37.476234,126.982302
사당역,2;4,10,37.478274,126.981541
사당역,2;4,11,37.478254,126.981981
사당역,2;4,12,37.477779,126.981938
사당역,2;4,13,37.477024,126.982024
사당역,2;4,14,37.476689,126.982388
사당역,2;4,2,37.475963,126.981907
사당역,2;4,3,37.475125,126.981993
사당역,2;4,4,37.475119,126.981479
사당역,2;4,5,37.47609,126.981189
사당역,2;4,6,37.476383,126.980863
사당역,2;4,7,37.47684,126.980912
사당역,2;4,8,37.477085,126.981257
사당역,2;4,9,37.477738,126.981515
사릉역,경춘,,37.651099,127.176896
사릉역,경춘,1,37.651601,127.176992
사상역,2,,35.162199,128.984698
사상역,2,,35.162279,128.985939
사상역,2,,35.162485,128.989003
사상역,2,1,35.161779,128.984627
사상역,2,1,35.161779,128.984627
사상역,2,1,35.162142,128.985977
사상역,2,1,35.162142,128.985977
사상역,2,1,35.162142,128.985977
사상역,2,2,35.161761,128.985719
사상역,2,2,35.161761,128.985719
사상역,2,2,35.162408,128.985941
사상역,2,2,35.162408,128.985941
사상역,2,2,35.162408,128.985941
사상역,2,3,35.162436,128.984142
사상역,2,3,35.162436,128.984142
사상역,2,4,35.162408,128.985086
사상역,2,4,35.162408,128.985086
사상역,2,5,35.16365,128.983734
사상역,2,5,35.16365,128.983734
사상역,2,6,35.163744,128.984074
사상역,2,6,35.163744,128.984074
사우역,김포 골드라인,,37.6202,126.719765
사우역,김포 골드라인,1,37.620447,126.719614
사우역,김포 골드라인,2,37.620296,126.719957
사우역,김포 골드라인,3,37.619677,126.719365
사직역,3,,35.199057,129.0651
사직역,3,1,35.197987,129.065231
사직역,3,2,35.198052,129.065539
사직역,3,3,35.19922,129.064819
사직역,3,4,35.199293,129.065139
사평역,9,,37.504295,127.01514
사평역,9,1,37.504832,127.01486
사평역,9,2,37.503887,127.015637
사하역,1,,35.09984,128.983094
사하역,1,1,35.100085,128.982372
사하역,1,2,35.09984,128.982311
사하역,1,3,35.099772,128.983928
사하역,1,4,35.099574,128.983303
사하역,1,6,35.09945,128.983843
산곡역,7,,37.508697,126.703693
산곡역,7,1,37.508469,126.703963
산곡역,7,2,37.508156,126.703645
산곡역,7,3,37.508066,126.703338
산곡역,7,4,37.50851,126.703046
산곡역,7,5,37.508769,126.703044
산곡역,7,6,37.509053,126.703452
산곡역,7,7,37.509159,126.703742
산본역,4,,37.358074,126.933096
산본역,4,1,37.358332,126.933593
산본역,4,2,37.357715,126.932343
산본역,4,3,37.358399,126.932748
산본역,4,4,37.357489,126.93352
산성역,8,,37.456868,127.149933
산성역,8,1,37.455921,127.150293
산성역,8,2,37.455685,127.150109
산성역,8,3,37.455566,127.149738
삼각지역,4;6,,37.535478,126.973889
삼각지역,4;6,1,37.534594,126.973395
삼각지역,4;6,10,37.536367,126.973904
삼각지역,4;6,11,37.535866,126.974684
삼각지역,4;6,12,37.535395,126.974837
삼각지역,4;6,13,37.535039,126.974519
삼각지역,4;6,14,37.53503,126.974067
삼각지역,4;6,2,37.534209,126.97305
삼각지역,4;6,3,37.533333,126.972118
삼각지역,4;6,4,37.53358,126.971874
삼각지역,4;6,5,37.534458,126.972664
삼각지역,4;6,6,37.534867,126.973077
삼각지역,4;6,7,37.535465,126.973429
삼각지역,4;6,8,37.535647,126.973388
삼각지역,4;6,9,37.536121,126.973727
삼동역,경강,,37.408655,127.20339
삼동역,경강,1,37.408544,127.203456
삼동역,경강,2,37.408881,127.204388
삼랑진역,경전선,,35.39903,128.843872
삼산체육관역,7,,37.506496,126.742347
삼산체육관역,7,1,37.50596,126.742132
삼산체육관역,7,2,37.506224,126.741658
삼산체육관역,7,3,37.506726,126.741173
삼산체육관역,7,4,37.507221,126.741845
삼산체육관역,7,5,37.506965,126.742663
삼성역,2,,37.50884,127.063143
삼성역,2,1,37.50888,127.064
삼성역,2,2,37.508456,127.063749
삼성역,2,3,37.508255,127.063127
삼성역,2,4,37.508381,127.062616
삼성역,2,5,37.508916,127.062331
삼성역,2,6,37.509278,127.062495
삼성역,2,7,37.509528,127.063272
삼성역,2,8,37.509377,127.063742
삼성중앙역,9,,37.513095,127.053475
삼성중앙역,9,1,37.512934,127.05245
삼성중앙역,9,2,37.513383,127.05292
삼성중앙역,9,3,37.513715,127.053148
삼성중앙역,9,4,37.513275,127.053965
삼성중앙역,9,5,37.512609,127.053765
삼성중앙역,9,6,37.512624,127.053327
삼성중앙역,9,7,37.512774,127.052767
삼송역,3,,37.653119,126.89548
삼송역,3,1,37.652961,126.896535
삼송역,3,2,37.653076,126.896169
삼송역,3,3,37.652975,126.895264
삼송역,3,4,37.65329,126.894713
삼송역,3,5,37.653691,126.894746
삼송역,3,6,37.653455,126.896814
삼송역,3,7,37.653796,126.895935
삼송역,3,8,37.653833,126.896541
삼양사거리역,W,,37.621199,127.020492
삼양사거리역,W,1,37.620793,127.020726
삼양사거리역,W,2,37.621536,127.020308
삼양역,W,,37.626923,127.018176
삼양역,W,1,37.626757,127.018265
삼양역,W,2,37.626435,127.018162
삼전역,9,,37.504535,127.087208
삼전역,9,1,37.504584,127.087598
삼전역,9,2,37.50426,127.088697
삼전역,9,3,37.503976,127.08854
삼전역,9,4,37.504328,127.087337
상계역,4,,37.660765,127.073439
상계역,4,1,37.660488,127.073436
상계역,4,2,37.660676,127.073189
상계역,4,3,37.66095,127.073536
상계역,4,4,37.660208,127.073289
상도역,7,,37.503216,126.947673
상도역,7,1,37.50286,126.947697
상도역,7,2,37.503267,126.947444
상도역,7,3,37.503441,126.947814
상도역,7,4,37.503582,126.948174
상도역,7,5,37.503019,126.948128
상동역,7,,37.505836,126.753174
상동역,7,1,37.505602,126.753709
상동역,7,2,37.505293,126.753263
상동역,7,3,37.505308,126.752864
상동역,7,4,37.505578,126.752612
상동역,7,5,37.506108,126.752567
상동역,7,6,37.506457,126.753115
상동역,7,7,37.506449,126.753431
상동역,7,8,37.506079,126.753793
상록수역,4,,37.302813,126.866778
상록수역,4,1,37.302594,126.866627
상록수역,4,2,37.303013,126.866647
상록수역,4,3,37.30265,126.865941
상록수역,4,4,37.303069,126.865945
상무역,1;2,,35.146731,126.848655
상무역,1;2,1,35.146833,126.849136
상무역,1;2,2,35.146417,126.848324
상무역,1;2,3,35.146689,126.848181
상무역,1;2,4,35.147047,126.848324
상무역,1;2,5,35.147268,126.848786
상무역,1;2,6,35.147114,126.849103
상봉역,7,,37.596083,127.085592
상봉역,7,,37.597031,127.085656
상봉역,7,1,37.596519,127.085787
상봉역,7,1,37.596519,127.085787
상봉역,7,2,37.596317,127.085966
상봉역,7,2,37.596317,127.085966
상봉역,7,3,37.594883,127.086011
상봉역,7,3,37.594883,127.086011
상봉역,7,4,37.594798,127.08577
상봉역,7,4,37.594798,127.08577
상봉역,7,5,37.596108,127.08517
상봉역,7,5,37.596108,127.08517
상봉역,7,6,37.59637,127.085156
상봉역,7,6,37.59637,127.085156
상봉역,7,7,37.597316,127.08557
상봉역,7,7,37.597316,127.08557
상봉역,7,8,37.59667,127.085789
상봉역,7,8,37.59667,127.085789
상수역,6,,37.547758,126.922892
상수역,6,1,37.547874,126.922829
상수역,6,2,37.547882,126.923157
상수역,6,3,37.547632,126.92313
상수역,6,4,37.547613,126.922818
상왕십리역,2,,37.564391,127.029251
상왕십리역,2,1,37.56474,127.029149
상왕십리역,2,1-1,37.564457,127.029906
상왕십리역,2,2,37.564338,127.030176
상왕십리역,2,3,37.564032,127.030383
상왕십리역,2,5,37.564245,127.029291
상왕십리역,2,6,37.564368,127.028792
상월곡역,6,,37.606238,127.048272
상월곡역,6,1,37.605875,127.047115
상월곡역,6,2,37.607458,127.050289
상월곡역,6,3,37.607352,127.050718
상월곡역,6,4,37.605554,127.047381
상일동역,5,,37.556776,127.166779
상일동역,5,1,37.556682,127.16474
상일동역,5,2,37.556824,127.165786
상일동역,5,3,37.557022,127.167615
상일동역,5,4,37.557103,127.168303
상일동역,5,5,37.556869,127.168345
상일동역,5,6,37.556805,127.167883
상일동역,5,7,37.556371,127.165374
상일동역,5,8,37.556395,127.164798
새말역,U;의정부경전철: 발곡 → 차량기지임시승강장;의정부경전철: 차량기지임시승강장 → 탑석,,37.748854,127.063782
새말역,U;의정부경전철: 발곡 → 차량기지임시승강장;의정부경전철: 차량기지임시승강장 → 탑석,1,37.748843,127.064025
새절역,6,,37.591649,126.913792
새절역,6,1,37.591866,126.91396
새절역,6,2,37.591304,126.91379
새절역,6,3,37.591335,126.913514
새절역,6,4,37.592022,126.913673
샛강역,9,,37.517362,126.928282
샛강역,9,,37.517367,126.929418
샛강역,9,1,37.517724,126.928279
샛강역,9,1,37.517724,126.928279
샛강역,9,2,37.517671,126.929154
샛강역,9,2,37.517671,126.929154
샛강역,9,3,37.517448,126.929191
샛강역,9,3,37.517448,126.929191
샛강역,9,4,37.517518,126.927932
샛강역,9,4,37.517518,126.927932
서강대역,경의·중앙,,37.552353,126.935184
서강대역,경의·중앙,1,37.55195,126.935292
서강대역,경의·중앙,2,37.552725,126.934494
서광주역,,,35.124733,126.847431
서대문역,5,,37.565795,126.966635
서대문역,5,1,37.565532,126.966219
서대문역,5,2,37.565984,126.96616
서대문역,5,3,37.566361,126.966695
서대문역,5,4,37.566407,126.966947
서대문역,5,5,37.565981,126.967197
서대문역,5,6,37.565657,126.967174
서대문역,5,7,37.565325,126.966872
서대문역,5,8,37.565289,126.966558
서대신역,1,,35.110861,129.012041
서대신역,1,1,35.110958,129.011716
서대신역,1,2,35.110549,129.012242
서대신역,1,3,35.111282,129.012247
서대신역,1,4,35.110892,129.012681
서동역,,,35.213053,129.10751
서동역,,1,35.212943,129.107256
서동역,,2,35.212834,129.10741
서동역,,3,35.213363,129.107657
서동역,,4,35.213263,129.107817
서면역,1;2,,35.157774,129.059259
서면역,1;2,1,35.156879,129.059043
서면역,1;2,10,35.157946,129.059831
서면역,1;2,11,35.158061,129.058595
서면역,1;2,12,35.158824,129.060197
서면역,1;2,13,35.158303,129.059166
서면역,1;2,15,35.158925,129.059989
서면역,1;2,2,35.156863,129.05926
서면역,1;2,3,35.157226,129.058715
서면역,1;2,4,35.157227,129.059453
서면역,1;2,5,35.157326,129.058591
서면역,1;2,6,35.157414,129.059697
서면역,1;2,7,35.157294,129.057911
서면역,1;2,8,35.15777,129.060159
서면역,1;2,9,35.158068,129.057895
서부산유통지구역,BGL,,35.166391,128.954937
서부산유통지구역,BGL,1,35.16644,128.954786
서부산유통지구역,BGL,2,35.166505,128.95498
서부여성회관역,I2,,37.499981,126.675823
서부여성회관역,I2,1,37.499846,126.676054
서부여성회관역,I2,2,37.499856,126.675657
서빙고역,경의·중앙,,37.519574,126.988318
서빙고역,경의·중앙,1,37.51996,126.989481
서빙고역,경의·중앙,2,37.51909,126.989735
서생역,동해,,35.346128,129.292953
서생역,동해,1,35.346124,129.29338
서울대벤처타운역,Silim,,37.472003,126.933706
서울대벤처타운역,Silim,1,37.4722,126.933888
서울대벤처타운역,Silim,2,37.471951,126.934127
서울대입구역,2,,37.481223,126.952715
서울대입구역,2,1,37.480949,126.953128
서울대입구역,2,2,37.4808,126.952822
서울대입구역,2,3,37.480844,126.952437
서울대입구역,2,4,37.48118,126.952153
서울대입구역,2,5,37.481498,126.952404
서울대입구역,2,6,37.481639,126.952692
서울대입구역,2,7,37.481566,126.953099
서울대입구역,2,8,37.481303,126.953228
서울숲역,수인·분당,,37.543592,127.04474
서울숲역,수인·분당,1,37.544143,127.045054
서울숲역,수인·분당,2,37.542999,127.044788
서울숲역,수인·분당,3,37.542918,127.044326
서울숲역,수인·분당,4,37.544559,127.044611
서울역,1;4,,37.552853,126.972572
서울역,1;4,,37.553436,126.969799
서울역,강릉선 KTX: 서울 → 강릉;경부선 ITX-새마을 (필수정차): 서울 → 부산;경부선 KTX: 서울 → 대전;경부선 KTX: 서울 → 동대구;경부선 KTX: 서울 → 부산;경부선 KTX: 서울 → 부산 (구포경유);경부선 KTX: 서울 → 부산 (수원경유);경부선 무궁화호 (필수정차): 서울 → 부산,,37.554555,126.970779
서울역,1;4,,37.555417,126.972586
서울역,1;4,,37.556072,126.97236
서울역,강릉선 KTX: 서울 → 강릉;경부선 ITX-새마을 (필수정차): 서울 → 부산;경부선 KTX: 서울 → 대전;경부선 KTX: 서울 → 동대구;경부선 KTX: 서울 → 부산;경부선 KTX: 서울 → 부산 (구포경유);경부선 KTX: 서울 → 부산 (수원경유);경부선 무궁화호 (필수정차): 서울 → 부산,1,37.554365,126.971863
서울역,1;4,1,37.554365,126.971863
서울역,1;4,1,37.554365,126.971863
서울역,1;4,1,37.554365,126.971863
서울역,1;4,1,37.554365,126.971863
서울역,강릉선 KTX: 서울 → 강릉;경부선 ITX-새마을 (필수정차): 서울 → 부산;경부선 KTX: 서울 → 대전;경부선 KTX: 서울 → 동대구;경부선 KTX: 서울 → 부산;경부선 KTX: 서울 → 부산 (구포경유);경부선 KTX: 서울 → 부산 (수원경유);경부선 무궁화호 (필수정차): 서울 → 부산,1,37.555049,126.9717
서울역,1;4,1,37.555049,126.9717
서울역,1;4,1,37.555049,126.9717
서울역,1;4,1,37.555049,126.9717
서울역,1;4,1,37.555049,126.9717
서울역,강릉선 KTX: 서울 → 강릉;경부선 ITX-새마을 (필수정차): 서울 → 부산;경부선 KTX: 서울 → 대전;경부선 KTX: 서울 → 동대구;경부선 KTX: 서울 → 부산;경부선 KTX: 서울 → 부산 (구포경유);경부선 KTX: 서울 → 부산 (수원경유);경부선 무궁화호 (필수정차): 서울 → 부산,1,37.556441,126.971643
서울역,1;4,1,37.556441,126.971643
서울역,1;4,1,37.556441,126.971643
서울역,강릉선 KTX: 서울 → 강릉;경부선 ITX-새마을 (필수정차): 서울 → 부산;경부선 KTX: 서울 → 대전;경부선 KTX: 서울 → 동대구;경부선 KTX: 서울 → 부산;경부선 KTX: 서울 → 부산 (구포경유);경부선 KTX: 서울 → 부산 (수원경유);경부선 무궁화호 (필수정차): 서울 → 부산,10,37.554066,126.973764
서울역,1;4,10,37.554066,126.973764
서울역,1;4,10,37.554066,126.973764
서울역,1;4,10,37.554066,126.973764
서울역,강릉선 KTX: 서울 → 강릉;경부선 ITX-새마을 (필수정차): 서울 → 부산;경부선 KTX: 서울 → 대전;경부선 KTX: 서울 → 동대구;경부선 KTX: 서울 → 부산;경부선 KTX: 서울 → 부산 (구포경유);경부선 KTX: 서울 → 부산 (수원경유);경부선 무궁화호 (필수정차): 서울 → 부산,11,37.553443,126.973117
서울역,1;4,11,37.553443,126.973117
서울역,1;4,11,37.553443,126.973117
서울역,1;4,11,37.553443,126.973117
서울역,1;4,11,37.553443,126.973117
서울역,강릉선 KTX: 서울 → 강릉;경부선 ITX-새마을 (필수정차): 서울 → 부산;경부선 KTX: 서울 → 대전;경부선 KTX: 서울 → 동대구;경부선 KTX: 서울 → 부산;경부선 KTX: 서울 → 부산 (구포경유);경부선 KTX: 서울 → 부산 (수원경유);경부선 무궁화호 (필수정차): 서울 → 부산,12,37.552511,126.972734
서울역,1;4,12,37.552511,126.972734
서울역,1;4,12,37.552511,126.972734
서울역,강릉선 KTX: 서울 → 강릉;경부선 ITX-새마을 (필수정차): 서울 → 부산;경부선 KTX: 서울 → 대전;경부선 KTX: 서울 → 동대구;경부선 KTX: 서울 → 부산;경부선 KTX: 서울 → 부산 (구포경유);경부선 KTX: 서울 → 부산 (수원경유);경부선 무궁화호 (필수정차): 서울 → 부산,13,37.552633,126.972299
서울역,1;4,13,37.552633,126.972299
서울역,1;4,13,37.552633,126.972299
서울역,강릉선 KTX: 서울 → 강릉;경부선 ITX-새마을 (필수정차): 서울 → 부산;경부선 KTX: 서울 → 대전;경부선 KTX: 서울 → 동대구;경부선 KTX: 서울 → 부산;경부선 KTX: 서울 → 부산 (구포경유);경부선 KTX: 서울 → 부산 (수원경유);경부선 무궁화호 (필수정차): 서울 → 부산,14,37.553573,126.972458
서울역,1;4,14,37.553573,126.972458
서울역,1;4,14,37.553573,126.972458
서울역,1;4,14,37.553573,126.972458
서울역,1;4,14,37.553573,126.972458
서울역,강릉선 KTX: 서울 → 강릉;경부선 ITX-새마을 (필수정차): 서울 → 부산;경부선 KTX: 서울 → 대전;경부선 KTX: 서울 → 동대구;경부선 KTX: 서울 → 부산;경부선 KTX: 서울 → 부산 (구포경유);경부선 KTX: 서울 → 부산 (수원경유);경부선 무궁화호 (필수정차): 서울 → 부산,15,37.553457,126.969278
서울역,1;4,15,37.553457,126.969278
서울역,1;4,15,37.553457,126.969278
서울역,강릉선 KTX: 서울 → 강릉;경부선 ITX-새마을 (필수정차): 서울 → 부산;경부선 KTX: 서울 → 대전;경부선 KTX: 서울 → 동대구;경부선 KTX: 서울 → 부산;경부선 KTX: 서울 → 부산 (구포경유);경부선 KTX: 서울 → 부산 (수원경유);경부선 무궁화호 (필수정차): 서울 → 부산,2,37.554536,126.971704
서울역,1;4,2,37.554536,126.971704
서울역,1;4,2,37.554536,126.971704
서울역,1;4,2,37.554536,126.971704
서울역,1;4,2,37.554536,126.971704
서울역,강릉선 KTX: 서울 → 강릉;경부선 ITX-새마을 (필수정차): 서울 → 부산;경부선 KTX: 서울 → 대전;경부선 KTX: 서울 → 동대구;경부선 KTX: 서울 → 부산;경부선 KTX: 서울 → 부산 (구포경유);경부선 KTX: 서울 → 부산 (수원경유);경부선 무궁화호 (필수정차): 서울 → 부산,2,37.556253,126.972089
서울역,1;4,2,37.556253,126.972089
서울역,1;4,2,37.556253,126.972089
서울역,강릉선 KTX: 서울 → 강릉;경부선 ITX-새마을 (필수정차): 서울 → 부산;경부선 KTX: 서울 → 대전;경부선 KTX: 서울 → 동대구;경부선 KTX: 서울 → 부산;경부선 KTX: 서울 → 부산 (구포경유);경부선 KTX: 서울 → 부산 (수원경유);경부선 무궁화호 (필수정차): 서울 → 부산,3,37.554491,126.969912
서울역,1;4,3,37.554491,126.969912
서울역,1;4,3,37.554491,126.969912
서울역,1;4,3,37.554491,126.969912
서울역,1;4,3,37.554491,126.969912
서울역,1;4,3,37.557662,126.97274
서울역,1;4,3,37.557662,126.97274
서울역,1;4,4,37.557394,126.973061
서울역,1;4,4,37.557394,126.973061
서울역,1;4,5,37.557063,126.972983
서울역,1;4,5,37.557063,126.972983
서울역,1;4,6,37.556743,126.973264
서울역,1;4,6,37.556743,126.973264
서울역,1;4,7,37.556652,126.973588
서울역,1;4,7,37.556652,126.973588
서울역,강릉선 KTX: 서울 → 강릉;경부선 ITX-새마을 (필수정차): 서울 → 부산;경부선 KTX: 서울 → 대전;경부선 KTX: 서울 → 동대구;경부선 KTX: 서울 → 부산;경부선 KTX: 서울 → 부산 (구포경유);경부선 KTX: 서울 → 부산 (수원경유);경부선 무궁화호 (필수정차): 서울 → 부산,8,37.556155,126.973446
서울역,1;4,8,37.556155,126.973446
서울역,1;4,8,37.556155,126.973446
서울역,강릉선 KTX: 서울 → 강릉;경부선 ITX-새마을 (필수정차): 서울 → 부산;경부선 KTX: 서울 → 대전;경부선 KTX: 서울 → 동대구;경부선 KTX: 서울 → 부산;경부선 KTX: 서울 → 부산 (구포경유);경부선 KTX: 서울 → 부산 (수원경유);경부선 무궁화호 (필수정차): 서울 → 부산,9,37.555932,126.973262
서울역,1;4,9,37.555932,126.973262
서울역,1;4,9,37.555932,126.973262
서울역,강릉선 KTX: 서울 → 강릉;경부선 ITX-새마을 (필수정차): 서울 → 부산;경부선 KTX: 서울 → 대전;경부선 KTX: 서울 → 동대구;경부선 KTX: 서울 → 부산;경부선 KTX: 서울 → 부산 (구포경유);경부선 KTX: 서울 → 부산 (수원경유);경부선 무궁화호 (필수정차): 서울 → 부산,9-1,37.554947,126.97277
서울역,1;4,9-1,37.554947,126.97277
서울역,1;4,9-1,37.554947,126.97277
서울역,1;4,9-1,37.554947,126.97277
서울지방병무청역,Silim,,37.505963,126.922724
서울지방병무청역,Silim,1,37.505984,126.922854
서울지방병무청역,Silim,2,37.505671,126.922502
서원역,Silim,,37.478211,126.933012
서원역,Silim,1,37.478362,126.933003
서원역,Silim,2,37.478286,126.933283
서초역,2,,37.491775,127.007681
서초역,2,1,37.491742,127.008215
서초역,2,2,37.491565,127.008096
서초역,2,3,37.491416,127.007627
서초역,2,4,37.491528,127.007373
서초역,2,5,37.491801,127.007137
서초역,2,6,37.491976,127.007256
서초역,2,7,37.492288,127.007675
서초역,2,8,37.492114,127.008038
서해구청역,I2,,37.543978,126.676816
서해구청역,I2,1,37.544128,126.677031
서해구청역,I2,2,37.543526,126.677007
서해구청역,I2,3,37.543446,126.676663
서해구청역,I2,4,37.544159,126.676698
서현역,수인·분당,,37.38491,127.123333
서현역,수인·분당,1,37.384999,127.123723
서현역,수인·분당,2,37.384273,127.124101
서현역,수인·분당,3,37.384552,127.123117
서현역,수인·분당,4,37.384754,127.122876
서현역,수인·분당,5,37.385204,127.123529
석계역,1;6,,37.614808,127.065839
석계역,1;6,1,37.614965,127.06531
석계역,1;6,2,37.615273,127.066626
석계역,1;6,3,37.615467,127.067557
석계역,1;6,4,37.614772,127.066717
석계역,1;6,5,37.613779,127.065879
석계역,1;6,6,37.614548,127.065661
석계역,1;6,7,37.614409,127.065136
석남역,7,,37.506286,126.674637
석남역,7,,37.507283,126.676213
석남역,7,1,37.507826,126.676535
석남역,7,1,37.507826,126.676535
석남역,7,2,37.506232,126.673124
석남역,7,2,37.506232,126.673124
석남역,7,2,37.506372,126.676698
석남역,7,2,37.506372,126.676698
석남역,7,2,37.506493,126.673161
석남역,7,2,37.506493,126.673161
석남역,7,3,37.505803,126.676449
석남역,7,3,37.505803,126.676449
석남역,7,4,37.506163,126.675471
석남역,7,4,37.506163,126.675471
석남역,7,7,37.506404,126.675453
석남역,7,7,37.506404,126.675453
석남역,7,8,37.506643,126.675981
석남역,7,8,37.506643,126.675981
석대역,,,35.218119,129.136848
석대역,,1,35.218139,129.137257
석대역,,2,35.218019,129.13706
석바위시장역,I2,,37.457681,126.692211
석바위시장역,I2,1,37.457806,126.692325
석바위시장역,I2,2,37.457558,126.692283
석수역,1,,37.435133,126.902306
석수역,1,1,37.434357,126.902715
석수역,1,2,37.434283,126.902176
석천사거리역,I2,,37.456734,126.710779
석천사거리역,I2,1,37.45701,126.71033
석천사거리역,I2,2,37.456892,126.711138
석천사거리역,I2,3,37.456606,126.711087
석천사거리역,I2,4,37.456688,126.710285
석촌고분역,9,,37.502444,127.096614
석촌고분역,9,1,37.502651,127.096812
석촌고분역,9,2,37.502643,127.097206
석촌고분역,9,3,37.502226,127.097158
석촌고분역,9,4,37.502238,127.096791
석촌역,8;9,,37.505295,127.107111
석촌역,8;9,1,37.505646,127.107193
석촌역,8;9,2,37.505654,127.107617
석촌역,8;9,3,37.505372,127.107866
석촌역,8;9,4,37.505009,127.107656
석촌역,8;9,5,37.504804,127.107199
석촌역,8;9,6,37.504814,127.106667
석촌역,8;9,7,37.505027,127.106489
석촌역,8;9,8,37.505404,127.106651
선릉역,2,,37.504475,127.048951
선릉역,2,,37.505176,127.048708
선릉역,2,1,37.504478,127.049941
선릉역,2,1,37.504478,127.049941
선릉역,2,10,37.504921,127.049678
선릉역,2,10,37.504921,127.049678
선릉역,2,2,37.504039,127.049304
선릉역,2,2,37.504039,127.049304
선릉역,2,3,37.504032,127.049155
선릉역,2,3,37.504032,127.049155
선릉역,2,4,37.503854,127.047812
선릉역,2,4,37.503854,127.047812
선릉역,2,5,37.504382,127.04774
선릉역,2,5,37.504382,127.04774
선릉역,2,6,37.504571,127.048482
선릉역,2,6,37.504571,127.048482
선릉역,2,7,37.504976,127.048564
선릉역,2,7,37.504976,127.048564
선릉역,2,8,37.505013,127.048895
선릉역,2,8,37.505013,127.048895
선릉역,2,9,37.504821,127.049304
선릉역,2,9,37.504821,127.049304
선바위역,4,,37.451805,127.002111
선바위역,4,1,37.451859,127.001318
선바위역,4,2,37.45212,127.000989
선바위역,4,3,37.452379,127.001259
선바위역,4,4,37.451364,127.002755
선바위역,4,5,37.451005,127.002995
선바위역,4,6,37.450771,127.00272
선부역,서해,,37.334457,126.809899
선부역,서해,1,37.335072,126.810418
선부역,서해,2,37.334747,126.810761
선부역,서해,3,37.334145,126.810586
선부역,서해,4,37.334225,126.809236
선부역,서해,5,37.334571,126.809274
선유도역,9,,37.537859,126.893982
선유도역,9,1,37.538106,126.893664
선유도역,9,1,37.538108,126.893663
선유도역,9,2,37.538194,126.89404
선유도역,9,3,37.537975,126.894149
선유도역,9,4,37.537786,126.894289
선유도역,9,5,37.537616,126.894197
선유도역,9,6,37.537657,126.893915
선유도역,9,7,37.537686,126.893679
선유도역,9,8,37.537918,126.893538
선유도역,9,8,37.537937,126.893501
선정릉역,9,,37.510253,127.043859
선정릉역,9,,37.510731,127.043695
선정릉역,9,1,37.510216,127.043271
선정릉역,9,1,37.510216,127.043271
선정릉역,9,2,37.51056,127.044551
선정릉역,9,2,37.51056,127.044551
선정릉역,9,3,37.510388,127.044622
선정릉역,9,3,37.510388,127.044622
선정릉역,9,4,37.510043,127.043416
선정릉역,9,4,37.510043,127.043416
선학역,인천1,,37.427241,126.698989
선학역,인천1,1,37.427267,126.699234
선학역,인천1,2,37.426779,126.699202
선학역,인천1,3,37.426798,126.698686
선학역,인천1,4,37.427264,126.698726
성균관대역,1,,37.300285,126.971178
성균관대역,1,1,37.300148,126.972369
성균관대역,1,4,37.300462,126.971236
성남역,경강,,37.393689,127.120584
성남역,경강,,37.394691,127.119412
성남역,경강,1,37.393739,127.12024
성남역,경강,1,37.393739,127.12024
성남역,경강,2,37.394805,127.11869
성남역,경강,2,37.394805,127.11869
성남역,경강,3,37.394832,127.119417
성남역,경강,3,37.394832,127.119417
성남역,경강,4,37.394898,127.120014
성남역,경강,4,37.394898,127.120014
성남역,경강,5,37.394618,127.121368
성남역,경강,5,37.394618,127.121368
성복역,신분당,,37.3135,127.080377
성복역,신분당,1,37.313486,127.080647
성복역,신분당,2,37.312955,127.080764
성복역,신분당,3,37.312655,127.08057
성복역,신분당,4,37.313114,127.079551
성복역,신분당,5,37.313651,127.080242
성수역,2,,37.544569,127.056102
성수역,2,1,37.54504,127.055124
성수역,2,2,37.544426,127.057032
성수역,2,3,37.544153,127.056917
성수역,2,4,37.544745,127.055007
성신여대입구역,4,,37.592419,127.016529
성신여대입구역,4,,37.592675,127.016476
성신여대입구역,4,1,37.592652,127.016873
성신여대입구역,4,1,37.592652,127.016873
성신여대입구역,4,2,37.592412,127.016639
성신여대입구역,4,2,37.592412,127.016639
성신여대입구역,4,3,37.592392,127.016192
성신여대입구역,4,3,37.592392,127.016192
성신여대입구역,4,4,37.592648,127.015876
성신여대입구역,4,4,37.592648,127.015876
성신여대입구역,4,5,37.59285,127.016298
성신여대입구역,4,5,37.59285,127.016298
성신여대입구역,4,6,37.592977,127.016526
성신여대입구역,4,6,37.592977,127.016526
성신여대입구역,4,7,37.592953,127.016794
성신여대입구역,4,7,37.592953,127.016794
센텀시티역,2,,35.168592,129.131217
센텀시티역,2,1,35.16895,129.132749
센텀시티역,2,10,35.168753,129.131045
센텀시티역,2,11,35.168294,129.131426
센텀시티역,2,12,35.16853,129.130628
센텀시티역,2,13,35.168177,129.130842
센텀시티역,2,2,35.169567,129.132561
센텀시티역,2,3,35.168846,129.132576
센텀시티역,2,4,35.169615,129.132225
센텀시티역,2,5,35.168901,129.132191
센텀시티역,2,6,35.169501,129.132004
센텀시티역,2,7,35.168591,129.13154
센텀시티역,2,8,35.169161,129.131785
센텀시티역,2,9,35.168413,129.131526
센텀역,동해,,35.179456,129.124519
센텀역,동해,1,35.180089,129.124524
센텀역,동해,2,35.179712,129.123835
센텀역,동해,3,35.180068,129.124028
센트럴파크역,인천1,,37.393507,126.634561
센트럴파크역,인천1,1,37.393054,126.634102
센트럴파크역,인천1,2,37.393439,126.63349
센트럴파크역,인천1,2,37.393445,126.633481
센트럴파크역,인천1,3,37.393397,126.634971
센트럴파크역,인천1,4,37.3934,126.634946
소래포구역,수인·분당,,37.400917,126.733525
소래포구역,수인·분당,1,37.400807,126.733483
소래포구역,수인·분당,2,37.401106,126.733689
소사역,1,,37.482766,126.79559
소사역,1,,37.482999,126.795017
소사역,1,1,37.482488,126.79586
소사역,1,1,37.482488,126.79586
소사역,1,2,37.482562,126.795265
소사역,1,2,37.482562,126.795265
소사역,1,3,37.482918,126.795254
소사역,1,3,37.482918,126.795254
소사역,1,4,37.482123,126.795361
소사역,1,4,37.482123,126.795361
소사역,1,5,37.482176,126.794973
소사역,1,5,37.482176,126.794973
소사역,1,6,37.483528,126.794447
소사역,1,6,37.483528,126.794447
소사역,1,7,37.48347,126.795001
소사역,1,7,37.48347,126.795001
소새울역,서해,,37.468874,126.797099
소새울역,서해,1,37.469158,126.797171
소새울역,서해,2,37.468417,126.797517
소새울역,서해,3,37.468221,126.797193
소새울역,서해,4,37.469331,126.796567
소태역,1,,35.123609,126.932226
소태역,1,1,35.122559,126.932484
소태역,1,2,35.124266,126.931947
소태역,1,3,35.124371,126.932247
소태역,1,4,35.122239,126.932999
솔밭공원역,W,,37.65607,127.013249
솔밭공원역,W,1,37.655886,127.013392
솔밭공원역,W,2,37.656096,127.013116
솔샘역,W,,37.620166,127.013841
솔샘역,W,1,37.620176,127.012898
솔샘역,W,2,37.620308,127.013868
송내역,1,,37.487704,126.752885
송내역,1,1,37.487383,126.753183
송내역,1,2,37.487863,126.753212
송내역,1,3,37.487817,126.753858
송도달빛축제공원역,인천1,,37.406805,126.626106
송도달빛축제공원역,인천1,1,37.406683,126.625829
송도달빛축제공원역,인천1,2,37.407171,126.625523
송도달빛축제공원역,인천1,3,37.407369,126.626057
송도달빛축제공원역,인천1,4,37.406921,126.626341
송도역,수인·분당,,37.429938,126.654715
송도역,수인·분당,1,37.429547,126.654517
송산역,U;의정부경전철: 발곡 → 차량기지임시승강장;의정부경전철: 차량기지임시승강장 → 탑석,,37.737263,127.087251
송산역,U;의정부경전철: 발곡 → 차량기지임시승강장;의정부경전철: 차량기지임시승강장 → 탑석,1,37.737189,127.087169
송산역,U;의정부경전철: 발곡 → 차량기지임시승강장;의정부경전철: 차량기지임시승강장 → 탑석,2,37.737242,127.087421
송정공원역,1,,35.143571,126.799536
송정공원역,1,1,35.143493,126.799952
송정공원역,1,2,35.143419,126.799163
송정공원역,1,3,35.143709,126.799131
송정공원역,1,4,35.143755,126.799767
송정역,동해,,35.187725,129.202064
송정역,5,,37.561277,126.811943
송정역,동해,1,35.187478,129.202521
송정역,5,1,37.561515,126.811126
송정역,5,1,37.56345,126.810226
송정역,동해,2,35.187246,129.202292
송정역,5,2,37.56146,126.81163
송정역,5,3,37.561109,126.811555
송정역,5,4,37.561164,126.811091
송정역,5,4,37.56332,126.810289
송추역,교외선 무궁화호: 대곡 → 의정부;교외선 무궁화호: 의정부 → 대곡,,37.720792,126.979407
송파나루역,9,,37.511245,127.112795
송파나루역,9,1,37.510214,127.111889
송파나루역,9,2,37.51061,127.112121
송파나루역,9,3,37.51038,127.112605
송파나루역,9,4,37.509999,127.112394
송파역,8,,37.499725,127.112182
송파역,8,1,37.499794,127.112509
송파역,8,2,37.49936,127.112912
송파역,8,3,37.499105,127.112426
송파역,8,4,37.499536,127.112038
수내역,수인·분당,,37.378406,127.114245
수내역,수인·분당,1,37.378589,127.114717
수내역,수인·분당,2,37.378009,127.113936
수내역,수인·분당,3,37.378171,127.113748
수내역,수인·분당,4,37.378734,127.11455
수락산역,7,,37.677804,127.055343
수락산역,7,1,37.678803,127.055529
수락산역,7,2,37.677923,127.055492
수락산역,7,3,37.677695,127.056246
수락산역,7,4,37.676909,127.055139
수락산역,7,5,37.678064,127.05513
수락산역,7,6,37.678803,127.055149
수로왕릉역,BGL,,35.232843,128.872099
수로왕릉역,BGL,1,35.232512,128.871799
수로왕릉역,BGL,2,35.232582,128.872206
수색역,경의·중앙,,37.580758,126.895553
수색역,경의·중앙,1,37.581352,126.895322
수서역,3,,37.485099,127.104689
수서역,3,,37.486016,127.102279
수서역,3,,37.487416,127.10184
수서역,3,,37.487658,127.101152
수서역,3,1,37.487271,127.100768
수서역,3,1,37.487271,127.100768
수서역,3,1,37.487271,127.100768
수서역,3,1-1,37.487461,127.10096
수서역,3,1-1,37.487461,127.10096
수서역,3,1-1,37.487461,127.10096
수서역,3,2,37.487766,127.101472
수서역,3,2,37.487766,127.101472
수서역,3,2,37.487766,127.101472
수서역,3,3,37.487726,127.102258
수서역,3,3,37.487726,127.102258
수서역,3,3,37.487726,127.102258
수서역,3,4,37.487052,127.102546
수서역,3,4,37.487052,127.102546
수서역,3,4,37.487052,127.102546
수서역,3,4,37.487052,127.102546
수서역,3,5,37.487164,127.10216
수서역,3,5,37.487164,127.10216
수서역,3,5,37.487164,127.10216
수서역,3,5-1,37.485708,127.103581
수서역,3,5-1,37.485708,127.103581
수서역,3,5-1,37.485708,127.103581
수서역,3,5-2,37.485469,127.103234
수서역,3,5-2,37.485469,127.103234
수서역,3,5-2,37.485469,127.103234
수서역,3,6,37.486907,127.101785
수서역,3,6,37.486907,127.101785
수서역,3,6,37.486907,127.101785
수서역,3,7,37.48708,127.101149
수서역,3,7,37.48708,127.101149
수서역,3,7,37.48708,127.101149
수안역,,,35.201804,129.083916
수안역,,1,35.202096,129.083303
수안역,,2,35.201824,129.083405
수안역,,3,35.202223,129.083516
수안역,,4,35.201412,129.08385
수안역,,5,35.202121,129.083915
수안역,,6,35.201293,129.084147
수안역,,7,35.20178,129.084232
수안역,,8,35.201523,129.084335
수영역,2;3,,35.165414,129.114705
수영역,2;3,1,35.167751,129.115396
수영역,2;3,10,35.165553,129.114634
수영역,2;3,11,35.166129,129.115018
수영역,2;3,12,35.164238,129.114339
수영역,2;3,13,35.165456,129.114876
수영역,2;3,14,35.163703,129.11424
수영역,2;3,15,35.1642,129.114647
수영역,2;3,17,35.163671,129.114551
수영역,2;3,2,35.167722,129.11484
수영역,2;3,3,35.167694,129.115905
수영역,2;3,4,35.167472,129.114674
수영역,2;3,5,35.167521,129.11599
수영역,2;3,6,35.166961,129.114909
수영역,2;3,7,35.167158,129.115648
수영역,2;3,8,35.166162,129.114767
수영역,2;3,9,35.166902,129.115231
수유역,4,,37.637993,127.025723
수유역,4,1,37.638282,127.026219
수유역,4,2,37.638062,127.025953
수유역,4,3,37.637354,127.02519
수유역,4,4,37.637091,127.02492
수유역,4,5,37.637235,127.024654
수유역,4,6,37.637428,127.024885
수유역,4,7,37.638213,127.025681
수유역,4,8,37.638442,127.025929
수정역,2,,35.223299,129.00919
수정역,2,1,35.22314,129.008941
수정역,2,2,35.222714,129.009133
수정역,2,3,35.223647,129.008943
수정역,2,4,35.223498,129.009446
수지구청역,신분당,,37.322537,127.094755
수지구청역,신분당,1,37.322767,127.095458
수지구청역,신분당,2,37.322275,127.094554
수지구청역,신분당,3,37.32247,127.094347
수지구청역,신분당,3,37.323531,127.094583
수지구청역,신분당,4,37.322991,127.095258
수진역,8,,37.437443,127.140686
수진역,8,1,37.437412,127.141367
수진역,8,2,37.437209,127.140959
수진역,8,3,37.437637,127.140441
수진역,8,4,37.437925,127.141033
숙대입구역,4,,37.545134,126.971957
숙대입구역,4,1,37.545471,126.97208
숙대입구역,4,10,37.54537,126.971703
숙대입구역,4,2,37.545265,126.972296
숙대입구역,4,3,37.544997,126.972328
숙대입구역,4,4,37.544729,126.972271
숙대입구역,4,5,37.544142,126.972421
숙대입구역,4,6,37.543797,126.9725
숙대입구역,4,7,37.543731,126.972097
숙대입구역,4,8,37.544057,126.972032
숙대입구역,4,9,37.544683,126.971882
숙등역,3,,35.211998,129.012753
숙등역,3,1,35.212291,129.014421
숙등역,3,2,35.212442,129.014347
숙등역,3,3,35.212094,129.013571
숙등역,3,4,35.212237,129.01348
숙등역,3,5,35.211748,129.012276
숙등역,3,6,35.211931,129.012223
숭실대입구역,7,,37.495686,126.954133
숭실대입구역,7,1,37.495139,126.954411
숭실대입구역,7,2,37.495653,126.953948
숭실대입구역,7,3,37.495959,126.954119
숭실대입구역,7,4,37.495304,126.954663
숭의역,수인·분당,,37.460793,126.638235
숭의역,수인·분당,1,37.460418,126.638748
숭의역,수인·분당,2,37.460508,126.637831
숭의역,수인·분당,3,37.46148,126.637744
숭의역,수인·분당,4,37.46098,126.638412
시민공원역,I2,,37.45841,126.68083
시민공원역,I2,1,37.458535,126.681212
시민공원역,I2,2,37.458286,126.681017
시우역,서해,,37.313114,126.795638
시우역,서해,1,37.313044,126.795927
시우역,서해,2,37.312821,126.795033
시우역,서해,3,37.313104,126.794932
시우역,서해,4,37.313276,126.795656
시청역,1,,35.179751,129.076521
시청역,1;2,,37.56333,126.974787
시청역,1;2,,37.56548,126.977114
시청역,1,1,35.179209,129.075946
시청역,1;2,1,37.564607,126.976725
시청역,1;2,1,37.564607,126.976725
시청역,1;2,1,37.566175,126.979224
시청역,1;2,10,37.563313,126.973992
시청역,1;2,11,37.563832,126.975619
시청역,1;2,11,37.563832,126.975619
시청역,1;2,12,37.564224,126.976392
시청역,1;2,12,37.564224,126.976392
시청역,1,2,35.17899,129.076223
시청역,1;2,2,37.565767,126.976863
시청역,1;2,2,37.566076,126.979363
시청역,1,3,35.179538,129.076227
시청역,1;2,3,37.565755,126.97908
시청역,1;2,3,37.56599,126.976867
시청역,1,4,35.179355,129.076505
시청역,1;2,4,37.566864,126.977367
시청역,1,5,35.17995,129.076585
시청역,1;2,5,37.566112,126.977432
시청역,1,6,35.179837,129.076891
시청역,1;2,6,37.564835,126.977696
시청역,1,7,35.180427,129.076976
시청역,1;2,7,37.564285,126.977343
시청역,1;2,7,37.564285,126.977343
시청역,1,8,35.180119,129.077113
시청역,1;2,8,37.563712,126.976476
시청역,1;2,8,37.563712,126.976476
시청역,1;2,9,37.562892,126.974053
시흥능곡역,서해,,37.370085,126.808751
시흥능곡역,서해,1,37.370125,126.809519
시흥능곡역,서해,2,37.369609,126.808967
시흥능곡역,서해,3,37.370136,126.807679
시흥능곡역,서해,4,37.370522,126.807585
시흥대야역,서해,,37.450345,126.793122
시흥대야역,서해,1,37.450707,126.793328
시흥대야역,서해,2,37.449619,126.792761
시흥대야역,서해,3,37.451096,126.79237
시흥시청역,서해,,37.382078,126.805746
시흥시청역,서해,1,37.382285,126.805813
시흥시청역,서해,2,37.381728,126.806001
시흥시청역,서해,3,37.382327,126.805466
신검단중앙역,인천1,,37.602676,126.698526
신검단중앙역,인천1,1,37.602836,126.697896
신검단중앙역,인천1,2,37.603223,126.698588
신검단중앙역,인천1,3,37.602269,126.698652
신검단중앙역,인천1,4,37.602511,126.697967
신금호역,5,,37.554429,127.020248
신금호역,5,1,37.554648,127.019803
신금호역,5,2,37.554939,127.01993
신금호역,5,3,37.55482,127.020113
신금호역,5,4,37.554457,127.020296
신금호역,5,5,37.554378,127.019813
신길역,1;5,,37.516649,126.918744
신길역,1;5,,37.517508,126.916352
신길역,1;5,1,37.516839,126.917098
신길역,1;5,1,37.516839,126.917098
신길역,1;5,2,37.517142,126.916945
신길역,1;5,2,37.517142,126.916945
신길역,1;5,3,37.517739,126.914405
신길온천역,4,,37.337538,126.7673
신길온천역,4,1,37.337241,126.767218
신길온천역,4,2,37.33769,126.767549
신내역,6,,37.612551,127.10409
신내역,6,,37.612648,127.103242
신내역,6,1,37.612636,127.102998
신내역,6,1,37.612636,127.102998
신내역,6,2,37.613448,127.103605
신내역,6,2,37.613448,127.103605
신내역,6,3,37.613156,127.103656
신내역,6,3,37.613156,127.103656
신내역,6,4,37.612451,127.103533
신내역,6,4,37.612451,127.103533
신논현역,9,,37.504322,127.024531
신논현역,9,1,37.5044,127.023997
신논현역,9,2,37.504651,127.024169
신논현역,9,3,37.504722,127.024629
신논현역,9,4,37.504627,127.02522
신논현역,9,5,37.504187,127.024894
신논현역,9,6,37.503095,127.025406
신논현역,9,7,37.502952,127.025015
신논현역,9,8,37.504044,127.024449
신논현역,9,9,37.504111,127.023976
신답역,2,,37.569719,127.047127
신답역,2,1,37.569856,127.047362
신당역,2;6,,37.565384,127.016252
신당역,2;6,1,37.56569,127.018577
신당역,2;6,10,37.567028,127.015896
신당역,2;6,11,37.566887,127.016287
신당역,2;6,11-1,37.566755,127.016347
신당역,2;6,12,37.56556,127.016484
신당역,2;6,4,37.565584,127.01872
신당역,2;6,5,37.565256,127.016606
신당역,2;6,6,37.565032,127.016305
신당역,2;6,7,37.565005,127.015974
신당역,2;6,8,37.565161,127.015999
신당역,2;6,9,37.565427,127.01594
신대방삼거리역,7,,37.499706,126.928225
신대방삼거리역,7,1,37.499617,126.929198
신대방삼거리역,7,2,37.499592,126.928414
신대방삼거리역,7,3,37.49968,126.926859
신대방삼거리역,7,4,37.499851,126.926849
신대방삼거리역,7,5,37.499835,126.928403
신대방삼거리역,7,6,37.499805,126.929212
신대방역,2,,37.487595,126.913392
신대방역,2,1,37.487298,126.913186
신대방역,2,2,37.487208,126.913036
신대방역,2,3,37.4874,126.912807
신대방역,2,4,37.487481,126.912952
신도림역,1;2,,37.50894,126.891226
신도림역,1;2,,37.509133,126.891665
신도림역,1;2,1,37.509338,126.890713
신도림역,1;2,1,37.509338,126.890713
신도림역,1;2,2,37.507898,126.891764
신도림역,1;2,2,37.507898,126.891764
신도림역,1;2,3,37.507895,126.891483
신도림역,1;2,3,37.507895,126.891483
신도림역,1;2,4,37.508529,126.891261
신도림역,1;2,4,37.508529,126.891261
신도림역,1;2,5,37.509153,126.890557
신도림역,1;2,5,37.509153,126.890557
신도림역,1;2,6,37.509514,126.891255
신도림역,1;2,6,37.509514,126.891255
신림역,2,,37.484232,126.92968
신림역,2,,37.484659,126.92961
신림역,2,1,37.484175,126.930151
신림역,2,1,37.484175,126.930151
신림역,2,2,37.483939,126.929836
신림역,2,2,37.483939,126.929836
신림역,2,3,37.483866,126.929588
신림역,2,3,37.483866,126.929588
신림역,2,4,37.483998,126.929236
신림역,2,4,37.483998,126.929236
신림역,2,5,37.484304,126.9292
신림역,2,5,37.484304,126.9292
신림역,2,6,37.484486,126.929476
신림역,2,6,37.484486,126.929476
신림역,2,7,37.484703,126.929797
신림역,2,7,37.484703,126.929797
신림역,2,8,37.484413,126.930077
신림역,2,8,37.484413,126.930077
신목동역,9,,37.544211,126.883176
신목동역,9,1,37.544593,126.882578
신목동역,9,2,37.543936,126.88277
신목동역,9,3,37.543856,126.883545
신반포역,9,,37.503601,126.996418
신반포역,9,1,37.503501,126.995714
신반포역,9,2,37.503728,126.996577
신반포역,9,3,37.503503,126.996763
신반포역,9,4,37.503272,126.995965
신방화역,9,,37.567497,126.816592
신방화역,9,1,37.567625,126.815912
신방화역,9,2,37.567898,126.816423
신방화역,9,3,37.567901,126.816833
신방화역,9,4,37.567546,126.81802
신방화역,9,5,37.567353,126.818018
신방화역,9,6,37.567028,126.816813
신방화역,9,7,37.567019,126.816427
신방화역,9,8,37.567457,126.815915
신사역,3,,37.516109,127.019516
신사역,3,1,37.516357,127.020987
신사역,3,2,37.516121,127.020104
신사역,3,3,37.515777,127.01987
신사역,3,4,37.515681,127.01936
신사역,3,5,37.516491,127.019142
신사역,3,6,37.516625,127.019711
신사역,3,7,37.516556,127.019904
신사역,3,8,37.516792,127.0207
신설동역,1;2,,37.574519,127.025447
신설동역,1;2,,37.575993,127.023186
신설동역,1;2,,37.576054,127.024666
신설동역,1;2,1,37.57592,127.023509
신설동역,1;2,1,37.57592,127.023509
신설동역,1;2,1,37.57592,127.023509
신설동역,1;2,10,37.574972,127.024143
신설동역,1;2,10,37.574972,127.024143
신설동역,1;2,10,37.574972,127.024143
신설동역,1;2,11,37.575784,127.022704
신설동역,1;2,11,37.575784,127.022704
신설동역,1;2,11,37.575784,127.022704
신설동역,1;2,12,37.576027,127.023019
신설동역,1;2,12,37.576027,127.023019
신설동역,1;2,12,37.576027,127.023019
신설동역,1;2,2,37.576205,127.024606
신설동역,1;2,2,37.576205,127.024606
신설동역,1;2,2,37.576205,127.024606
신설동역,1;2,3,37.576412,127.02537
신설동역,1;2,3,37.576412,127.02537
신설동역,1;2,3,37.576412,127.02537
신설동역,1;2,4,37.576108,127.025468
신설동역,1;2,4,37.576108,127.025468
신설동역,1;2,4,37.576108,127.025468
신설동역,1;2,5,37.575894,127.024683
신설동역,1;2,5,37.575894,127.024683
신설동역,1;2,5,37.575894,127.024683
신설동역,1;2,6,37.575544,127.023752
신설동역,1;2,6,37.575544,127.023752
신설동역,1;2,6,37.575544,127.023752
신설동역,1;2,7,37.574286,127.026245
신설동역,1;2,7,37.574286,127.026245
신설동역,1;2,8,37.574158,127.026574
신설동역,1;2,8,37.574158,127.026574
신설동역,1;2,9,37.573923,127.026453
신설동역,1;2,9,37.573923,127.026453
신연수역,인천1,,37.418065,126.693931
신연수역,인천1,1,37.418076,126.694441
신연수역,인천1,2,37.417615,126.693947
신연수역,인천1,3,37.417807,126.693403
신연수역,인천1,4,37.418385,126.694004
신용산역,4,,37.529174,126.967857
신용산역,4,1,37.528946,126.965097
신용산역,4,1,37.529743,126.968922
신용산역,4,2,37.528446,126.96752
신용산역,4,2,37.529858,126.965003
신용산역,4,3,37.528488,126.966985
신용산역,4,4,37.529119,126.967553
신용산역,4,5,37.529833,126.967891
신용산역,4,6,37.529971,126.968395
신이문역,1,,37.601638,127.06729
신이문역,1,1,37.602767,127.067561
신이문역,1,2,37.602725,127.067765
신이문역,1,3,37.602654,127.068547
신이문역,1,4,37.600789,127.066682
신이문역,1,5,37.600701,127.067021
신장림역,1,,35.07455,128.976809
신장림역,1,1,35.074594,128.976625
신장림역,1,2,35.074354,128.976905
신장림역,1,3,35.075412,128.976777
신장림역,1,4,35.075382,128.977059
신정네거리역,2,,37.519983,126.853046
신정네거리역,2,1,37.519249,126.853163
신정네거리역,2,2,37.520944,126.85243
신정네거리역,2,3,37.520986,126.852659
신정네거리역,2,4,37.519319,126.853453
신정역,5,,37.525041,126.85597
신정역,5,1,37.524876,126.854508
신정역,5,2,37.525306,126.857541
신정역,5,3,37.525141,126.85758
신정역,5,4,37.524779,126.854999
신정역,5,5,37.52474,126.854661
신중동역,7,,37.503039,126.776233
신중동역,7,1,37.502608,126.777192
신중동역,7,2,37.502405,126.776643
신중동역,7,3,37.502816,126.775665
신중동역,7,4,37.50344,126.775533
신중동역,7,5,37.503785,126.775766
신중동역,7,6,37.503579,126.776307
신중동역,7,7,37.503186,126.777257
신천역,서해,,37.43931,126.7868
신천역,서해,1,37.439954,126.787294
신천역,서해,2,37.43971,126.787543
신천역,서해,3,37.439088,126.786811
신천역,서해,4,37.438537,126.786372
신천역,서해,5,37.440074,126.785659
신천역,서해,6,37.440315,126.78632
신촌역,2,,37.555152,126.936908
신촌역,경의·중앙,,37.559781,126.942358
신촌역,2,1,37.555476,126.936446
신촌역,경의·중앙,1,37.559444,126.942672
신촌역,2,2,37.555588,126.936748
신촌역,경의·중앙,2,37.560136,126.942646
신촌역,2,3,37.555588,126.937006
신촌역,2,4,37.555455,126.937286
신촌역,2,5,37.555172,126.937677
신촌역,2,6,37.554857,126.937368
신촌역,2,7,37.555004,126.936309
신촌역,2,8,37.555246,126.936051
신평역,1,,35.095215,128.960681
신평역,1,1,35.094419,128.960415
신평역,1,2,35.094983,128.961224
신평역,1,3,35.095137,128.9604
신평역,1,4,35.09504,128.961893
신평역,1,5,35.095205,128.960369
신평역,1,6,35.095429,128.961727
신평역,1,7,35.095275,128.960399
신평역,1,9,35.095971,128.960353
신포역,수인·분당,,37.468264,126.624817
신포역,수인·분당,1,37.467765,126.62526
신포역,수인·분당,2,37.468912,126.623486
신포역,수인·분당,3,37.469163,126.623696
신포역,수인·분당,4,37.468462,126.625473
신포역,수인·분당,5,37.468344,126.625686
신포역,수인·분당,6,37.467921,126.625623
신풍역,7,,37.500167,126.908875
신풍역,7,1,37.499983,126.911233
신풍역,7,2,37.500002,126.909339
신풍역,7,3,37.500024,126.908349
신풍역,7,4,37.500211,126.90858
신풍역,7,5,37.500196,126.909342
신풍역,7,6,37.500163,126.911174
신해운대역,동해,,35.181736,129.176824
신해운대역,동해,1,35.181572,129.177368
신해운대역,동해,2,35.181475,129.176781
신해운대역,동해,3,35.181548,129.17648
신해운대역,동해,4,35.181863,129.176952
신현역,서해,,37.409584,126.78787
신현역,서해,1,37.40916,126.787826
신현역,서해,2,37.409195,126.788032
신흥역,8,,37.441003,127.147664
신흥역,8,1,37.440844,127.148058
신흥역,8,2,37.440622,127.147441
신흥역,8,3,37.441087,127.147268
신흥역,8,4,37.44121,127.147642
쌍문역,4,,37.648403,127.034579
쌍문역,4,1,37.648859,127.035025
쌍문역,4,2,37.64796,127.034486
쌍문역,4,3,37.648048,127.034196
쌍문역,4,4,37.648955,127.034718
쌍촌역,1,,35.15149,126.869571
쌍촌역,1,1,35.151484,126.869957
쌍촌역,1,2,35.151454,126.869273
쌍촌역,1,3,35.15174,126.869258
쌍촌역,1,4,35.151774,126.869946
아라역,인천1,,37.592259,126.713301
아라역,인천1,1,37.59274,126.713442
아라역,인천1,2,37.59255,126.713963
아라역,인천1,3,37.592179,126.714087
아라역,인천1,4,37.59177,126.713601
아라역,인천1,5,37.5917,126.713218
아라역,인천1,6,37.591973,126.712704
아라역,인천1,7,37.592325,126.712662
아라역,인천1,8,37.592736,126.713041
아시아드경기장역,I2,,37.551588,126.6771
아시아드경기장역,I2,1,37.551844,126.677301
아시아드경기장역,I2,2,37.551155,126.677273
아시아드경기장역,I2,3,37.551164,126.676917
아시아드경기장역,I2,4,37.551856,126.676932
아차산역,5,,37.551698,127.089795
아차산역,5,1,37.552118,127.089829
아차산역,5,2,37.551706,127.090033
아차산역,5,3,37.551523,127.089548
아차산역,5,4,37.551935,127.089076
아차산역,5,5,37.552148,127.089199
아현역,2,,37.557431,126.956121
아현역,2,1,37.557592,126.955943
아현역,2,2,37.557581,126.956453
아현역,2,3,37.556975,126.956136
아현역,2,4,37.557231,126.955903
안국역,3,,37.576828,126.986171
안국역,3,1,37.57613,126.984372
안국역,3,2,37.577107,126.986126
안국역,3,3,37.577014,126.986385
안국역,3,4,37.576615,126.986387
안국역,3,5,37.5765,126.986046
안국역,3,6,37.575864,126.9842
안락역,동해,,35.196035,129.100587
안락역,동해,1,35.19587,129.100875
안락역,동해,2,35.196153,129.100882
안락역,동해,3,35.196105,129.099933
안산역,4,,37.327047,126.788797
안산역,4,1,37.327415,126.788991
안산역,4,2,37.326714,126.788044
안암역,6,,37.586269,127.029278
안암역,6,1,37.586381,127.028763
안암역,6,2,37.586361,127.029657
안암역,6,3,37.586178,127.029712
안암역,6,4,37.586162,127.02863
안양역,1,,37.40163,126.922883
안양역,1,1,37.401326,126.922572
안양역,1,2,37.401646,126.92325
안양역,1,3,37.402161,126.922821
안양역,1,5,37.400551,126.922157
안평역,,,35.237417,129.171725
안평역,,1,35.237593,129.171786
안평역,,2,35.237287,129.17199
안평역,,3,35.237791,129.172224
안평역,,4,35.237479,129.172417
암사역,8,,37.550106,127.127538
암사역,8,1,37.550239,127.127686
암사역,8,2,37.549868,127.127538
암사역,8,3,37.549918,127.127327
암사역,8,4,37.550291,127.127458
암사역사공원역,8,,37.557047,127.137432
암사역사공원역,8,1,37.557237,127.138336
암사역사공원역,8,2,37.556951,127.137276
암사역사공원역,8,3,37.557136,127.137204
압구정로데오역,수인·분당,,37.527813,127.040709
압구정로데오역,수인·분당,1,37.528124,127.040936
압구정로데오역,수인·분당,2,37.527724,127.041489
압구정로데오역,수인·분당,3,37.527474,127.041408
압구정로데오역,수인·분당,4,37.526495,127.040434
압구정로데오역,수인·분당,5,37.526606,127.040102
압구정로데오역,수인·분당,6,37.52778,127.040346
압구정로데오역,수인·분당,7,37.528009,127.040421
압구정역,3,,37.526185,127.028499
압구정역,3,1,37.527584,127.028862
압구정역,3,2,37.526996,127.028714
압구정역,3,3,37.525881,127.028859
압구정역,3,4,37.525569,127.02825
압구정역,3,5,37.526781,127.027936
압구정역,3,6,37.527002,127.027692
애오개역,5,,37.553428,126.956698
애오개역,5,1,37.553295,126.956395
애오개역,5,2,37.553566,126.956503
애오개역,5,3,37.553252,126.956788
애오개역,5,4,37.552955,126.956646
야당역,경의·중앙,,37.712967,126.761523
야당역,경의·중앙,1,37.712772,126.76125
야당역,경의·중앙,2,37.713284,126.761425
야당역,경의·중앙,3,37.712851,126.762109
야탑역,수인·분당,,37.411298,127.128714
야탑역,수인·분당,1,37.412044,127.128978
야탑역,수인·분당,2,37.411398,127.129157
야탑역,수인·분당,3,37.411305,127.128232
야탑역,수인·분당,4,37.411959,127.12838
약수역,3;6,,37.55475,127.010623
약수역,3;6,1,37.555333,127.010408
약수역,3;6,10,37.554964,127.010186
약수역,3;6,2,37.555212,127.010652
약수역,3;6,3,37.554843,127.010849
약수역,3;6,4,37.553437,127.011967
약수역,3;6,5,37.553344,127.011527
약수역,3;6,6,37.554335,127.010552
약수역,3;6,7,37.553228,127.009839
약수역,3;6,8,37.553402,127.009637
약수역,3;6,9,37.554606,127.010377
양동시장역,1,,35.154513,126.901769
양동시장역,1,1,35.15461,126.901855
양동시장역,1,2,35.154271,126.901421
양동시장역,1,3,35.154426,126.901287
양동시장역,1,4,35.15475,126.9017
양산역,2,,35.338743,129.026402
양산역,2,1,35.338215,129.026231
양산역,2,2,35.338609,129.026606
양산역,2,3,35.339193,129.026987
양산역,2,4,35.338471,129.026997
양원역,경의·중앙,,37.606582,127.107935
양원역,경의·중앙,1,37.606705,127.107593
양원역,경의·중앙,2,37.606353,127.107653
양재시민의숲역,신분당,,37.46971,127.038477
양재시민의숲역,신분당,1,37.47037,127.038534
양재시민의숲역,신분당,2,37.470463,127.039103
양재시민의숲역,신분당,3,37.46969,127.039447
양재시민의숲역,신분당,4,37.469275,127.039012
양재시민의숲역,신분당,5,37.469456,127.038591
양재역,3,,37.483705,127.034849
양재역,3,,37.4844,127.034145
양재역,3,1,37.484716,127.033322
양재역,3,1,37.484716,127.033322
양재역,3,10,37.483694,127.034452
양재역,3,10,37.483694,127.034452
양재역,3,11,37.484163,127.033974
양재역,3,11,37.484163,127.033974
양재역,3,12,37.48427,127.03356
양재역,3,12,37.48427,127.03356
양재역,3,2,37.48495,127.033479
양재역,3,2,37.48495,127.033479
양재역,3,3,37.484979,127.034177
양재역,3,3,37.484979,127.034177
양재역,3,4,37.484817,127.034508
양재역,3,4,37.484817,127.034508
양재역,3,5,37.484448,127.034949
양재역,3,5,37.484448,127.034949
양재역,3,6,37.484029,127.034829
양재역,3,6,37.484029,127.034829
양재역,3,7,37.483903,127.034936
양재역,3,7,37.483903,127.034936
양재역,3,8,37.482802,127.036057
양재역,3,8,37.482802,127.036057
양재역,3,9,37.482647,127.035522
양재역,3,9,37.482647,127.035522
양정역,1,,35.173158,129.0713
양정역,경의·중앙,,37.60402,127.194614
양정역,1,1,35.172762,129.070907
양정역,경의·중앙,1,37.604771,127.194421
양정역,1,2,35.172615,129.071263
양정역,경의·중앙,2,37.604364,127.194201
양정역,1,3,35.172914,129.070758
양정역,1,4,35.172847,129.071432
양정역,1,5,35.173081,129.07089
양정역,1,6,35.173234,129.071755
양정역,1,7,35.173382,129.071369
양정역,1,8,35.173441,129.071803
양정역,1,9,35.173567,129.07154
양천구청역,2,,37.512295,126.865945
양천구청역,2,1,37.512595,126.865938
양천구청역,2,2,37.51248,126.865646
양천향교역,9,,37.568452,126.841296
양천향교역,9,1,37.568845,126.840719
양천향교역,9,2,37.569205,126.84134
양천향교역,9,3,37.569002,126.841475
양천향교역,9,4,37.56821,126.841893
양천향교역,9,5,37.568091,126.841793
양천향교역,9,6,37.568043,126.841327
양천향교역,9,7,37.567946,126.841001
양천향교역,9,8,37.56862,126.840797
양촌역,김포 골드라인,,37.641641,126.614798
양촌역,김포 골드라인,1,37.641683,126.614593
양촌역,김포 골드라인,2,37.641809,126.615176
양평역,5,,37.525633,126.886118
양평역,5,1,37.525728,126.886037
양평역,5,2,37.525411,126.886095
어룡역,U;의정부경전철: 발곡 → 차량기지임시승강장;의정부경전철: 차량기지임시승강장 → 탑석,,37.742684,127.085215
어룡역,U;의정부경전철: 발곡 → 차량기지임시승강장;의정부경전철: 차량기지임시승강장 → 탑석,1,37.742874,127.084975
어룡역,U;의정부경전철: 발곡 → 차량기지임시승강장;의정부경전철: 차량기지임시승강장 → 탑석,2,37.742705,127.085386
어린이대공원역,7,,37.5476,127.074392
어린이대공원역,7,1,37.548943,127.075407
어린이대공원역,7,2,37.54725,127.074695
어린이대공원역,7,3,37.547061,127.074421
어린이대공원역,7,4,37.546963,127.073766
어린이대공원역,7,5,37.547792,127.074323
어린이대공원역,7,6,37.548772,127.074962
언주역,9,,37.507321,127.033875
언주역,9,1,37.507136,127.032928
언주역,9,2,37.50763,127.033577
언주역,9,3,37.507889,127.033777
언주역,9,4,37.5075,127.034231
언주역,9,5,37.507328,127.034307
언주역,9,6,37.506607,127.034374
언주역,9,7,37.506899,127.033938
언주역,9,8,37.507059,127.033419
여의나루역,5,,37.526853,126.932529
여의나루역,5,1,37.526965,126.932246
여의나루역,5,2,37.527068,126.932426
여의나루역,5,3,37.52672,126.932878
여의나루역,5,4,37.526572,126.932758
여의도역,5;9,,37.521668,126.924302
여의도역,5;9,1,37.521523,126.923731
여의도역,5;9,2,37.521965,126.923464
여의도역,5;9,3,37.522694,126.923811
여의도역,5;9,4,37.52205,126.924542
여의도역,5;9,5,37.521824,126.924746
여의도역,5;9,6,37.521237,126.924322
역곡역,1,,37.485219,126.811811
역곡역,1,1,37.485019,126.81198
역곡역,1,2,37.485467,126.811717
역삼역,2,,37.500822,127.03696
역삼역,2,1,37.500332,127.037363
역삼역,2,2,37.500329,127.036461
역삼역,2,3,37.500116,127.035361
역삼역,2,4,37.500494,127.035165
역삼역,2,5,37.500807,127.036256
역삼역,2,6,37.501087,127.036535
역삼역,2,7,37.501188,127.036903
역삼역,2,8,37.501051,127.037172
역촌역,6,,37.606073,126.922756
역촌역,6,1,37.606024,126.922533
역촌역,6,2,37.60669,126.922706
역촌역,6,3,37.606454,126.92309
역촌역,6,4,37.605726,126.922898
연산역,1;3,,35.185854,129.081773
연산역,1;3,,35.186155,129.081509
연산역,1;3,1,35.185237,129.080897
연산역,1;3,1,35.185237,129.080897
연산역,1;3,10,35.186057,129.082355
연산역,1;3,10,35.186057,129.082355
연산역,1;3,12,35.186244,129.082284
연산역,1;3,12,35.186244,129.082284
연산역,1;3,14,35.186661,129.081767
연산역,1;3,14,35.186661,129.081767
연산역,1;3,16,35.186784,129.08161
연산역,1;3,16,35.186784,129.08161
연산역,1;3,17,35.186107,129.080808
연산역,1;3,17,35.186107,129.080808
연산역,1;3,2,35.18528,129.081267
연산역,1;3,2,35.18528,129.081267
연산역,1;3,3,35.185795,129.08114
연산역,1;3,3,35.185795,129.08114
연산역,1;3,4,35.185466,129.081931
연산역,1;3,4,35.185466,129.081931
연산역,1;3,5,35.186386,129.081056
연산역,1;3,5,35.186386,129.081056
연산역,1;3,6,35.185627,129.082188
연산역,1;3,6,35.185627,129.082188
연산역,1;3,7,35.186628,129.08132
연산역,1;3,7,35.186628,129.08132
연산역,1;3,8,35.185811,129.082293
연산역,1;3,8,35.185811,129.082293
연수역,수인·분당,,37.417795,126.678967
연수역,수인·분당,1,37.417525,126.678543
연수역,수인·분당,2,37.418112,126.679089
연수역,수인·분당,3,37.41886,126.677916
연수역,수인·분당,4,37.418267,126.67727
연신내역,3;6,,37.618925,126.921184
연신내역,3;6,,37.61893,126.920398
연신내역,3;6,1,37.619735,126.920857
연신내역,3;6,1,37.619735,126.920857
연신내역,3;6,2,37.61933,126.921198
연신내역,3;6,2,37.61933,126.921198
연신내역,3;6,3,37.618652,126.92171
연신내역,3;6,3,37.618652,126.92171
연신내역,3;6,4,37.618533,126.921426
연신내역,3;6,4,37.618533,126.921426
연신내역,3;6,5,37.618675,126.921012
연신내역,3;6,5,37.618675,126.921012
연신내역,3;6,6,37.619262,126.920468
연신내역,3;6,6,37.619262,126.920468
연신내역,3;6,7,37.619623,126.920549
연신내역,3;6,7,37.619623,126.920549
연지공원역,BGL,,35.24967,128.869214
연지공원역,BGL,1,35.249398,128.869103
연지공원역,BGL,2,35.249354,128.869626
염창역,9,,37.547033,126.875397
염창역,9,1,37.547127,126.874157
염창역,9,2,37.547166,126.874869
염창역,9,3,37.546813,126.874745
염창역,9,4,37.546807,126.87418
영등포구청역,2;5,,37.524018,126.896337
영등포구청역,2;5,1,37.524777,126.896239
영등포구청역,2;5,2,37.525918,126.896495
영등포구청역,2;5,5,37.524749,126.896579
영등포구청역,2;5,6,37.523899,126.896106
영등포구청역,2;5,7,37.524513,126.896095
영등포시장역,5,,37.522693,126.905141
영등포시장역,5,1,37.522897,126.905067
영등포시장역,5,2,37.522966,126.905247
영등포시장역,5,3,37.522529,126.905211
영등포시장역,5,4,37.52257,126.904985
영등포역,1,,37.515363,126.906935
영등포역,1,1,37.51504,126.907954
영등포역,1,2,37.514956,126.907723
영등포역,1,3,37.516123,126.906874
영등포역,1,4,37.514699,126.907275
영등포역,1,5,37.516496,126.907293
영등포역,1,6,37.51611,126.906453
영산대역,,,35.225622,129.146116
영산대역,,1,35.225518,129.145966
영산대역,,2,35.225552,129.146358
영산대역,,3,35.225846,129.146036
예술회관역,인천1,,37.449506,126.700976
예술회관역,인천1,1,37.450537,126.701361
예술회관역,인천1,10,37.450315,126.700518
예술회관역,인천1,11,37.450575,126.701023
예술회관역,인천1,2,37.450201,126.701598
예술회관역,인천1,3,37.449877,126.701565
예술회관역,인천1,4,37.449509,126.701168
예술회관역,인천1,5,37.448547,126.701038
예술회관역,인천1,7,37.448886,126.700748
예술회관역,인천1,8,37.449812,126.700909
예술회관역,인천1,9,37.449985,126.700489
오금역,3;5,,37.501981,127.128152
오금역,3;5,1,37.502595,127.128529
오금역,3;5,2,37.502485,127.128843
오금역,3;5,3,37.501631,127.128309
오금역,3;5,4,37.501536,127.128089
오금역,3;5,5,37.501706,127.127655
오금역,3;5,6,37.502276,127.127346
오금역,3;5,7,37.502559,127.127472
오남역,4,,37.705234,127.191166
오남역,4,1,37.705336,127.191759
오남역,4,2,37.705073,127.191133
오남역,4,3,37.705011,127.192022
오류동역,1,,37.494347,126.844537
오류동역,1,1,37.494009,126.84481
오류동역,1,2,37.493885,126.844225
오류동역,1,3,37.494581,126.843851
오류동역,1,4,37.494846,126.845001
오리역,수인·분당,,37.33994,127.10891
오리역,수인·분당,1,37.340588,127.109384
오리역,수인·분당,2,37.339969,127.109392
오리역,수인·분당,3,37.339526,127.109168
오리역,수인·분당,4,37.339356,127.108725
오리역,수인·분당,5,37.339495,127.108553
오리역,수인·분당,6,37.339827,127.108383
오리역,수인·분당,7,37.340622,127.108729
오목교역,5,,37.524565,126.875122
오목교역,5,1,37.524892,126.873933
오목교역,5,2,37.526008,126.873911
오목교역,5,3,37.524713,126.876106
오목교역,5,4,37.524697,126.876526
오목교역,5,5,37.524194,126.876537
오목교역,5,6,37.524023,126.875943
오목교역,5,7,37.524113,126.875703
오목교역,5,8,37.524586,126.873685
오시리아역,동해,,35.196284,129.208317
오시리아역,동해,1,35.196528,129.208908
오시리아역,동해,2,35.196746,129.208626
오이도역,4,,37.361925,126.738494
오이도역,4,1,37.36185,126.738132
오이도역,4,2,37.362309,126.738334
오이도역,4,3,37.36222,126.738889
옥수역,3,,37.540264,127.018359
옥수역,3,,37.541373,127.01755
옥수역,3,1,37.542086,127.017438
옥수역,3,1,37.542086,127.017438
옥수역,3,2,37.541708,127.017506
옥수역,3,2,37.541708,127.017506
옥수역,3,3,37.541206,127.01759
옥수역,3,3,37.541206,127.01759
옥수역,3,4,37.541458,127.017419
옥수역,3,4,37.541458,127.017419
옥수역,3,5,37.541515,127.017205
옥수역,3,5,37.541515,127.017205
옥수역,3,6,37.541789,127.016968
옥수역,3,6,37.541789,127.016968
옥수역,3,7,37.542421,127.017045
옥수역,3,7,37.542421,127.017045
온수역,1;7,,37.492299,126.823534
온수역,1;7,1,37.49229,126.824377
온수역,1;7,2,37.492003,126.824315
온수역,1;7,3,37.492164,126.823948
온수역,1;7,4,37.491934,126.82298
온수역,1;7,5,37.492253,126.822105
온수역,1;7,6,37.492466,126.82335
온수역,1;7,7,37.49251,126.823574
온수역,1;7,8,37.492744,126.824382
온천장역,1,,35.220244,129.086427
온천장역,1,1,35.219762,129.085978
온천장역,1,2,35.219686,129.086191
온천장역,1,3,35.220891,129.086615
온천장역,1,4,35.220825,129.086829
온천장역,1,5,35.221007,129.086679
올림픽공원역,5;9,,37.516148,127.13093
올림픽공원역,5;9,1,37.5165,127.131479
올림픽공원역,5;9,2,37.516093,127.131227
올림픽공원역,5;9,3,37.516172,127.130716
올림픽공원역,5;9,4,37.516432,127.130784
완정역,I2,,37.592872,126.672875
완정역,I2,1,37.593351,126.673493
완정역,I2,2,37.593152,126.674041
완정역,I2,3,37.592546,126.673823
완정역,I2,4,37.592857,126.673278
왕길역,I2,,37.595177,126.642377
왕길역,I2,1,37.594984,126.641833
왕길역,I2,2,37.595129,126.6424
왕십리역,2;5,,37.561208,127.037153
왕십리역,2;5,,37.561486,127.038579
왕십리역,2;5,,37.561827,127.036925
왕십리역,2;5,1,37.561632,127.035102
왕십리역,2;5,1,37.561632,127.035102
왕십리역,2;5,10,37.56102,127.034892
왕십리역,2;5,10,37.56102,127.034892
왕십리역,2;5,11,37.561342,127.034929
왕십리역,2;5,11,37.561342,127.034929
왕십리역,2;5,12,37.5614,127.038233
왕십리역,2;5,12,37.5614,127.038233
왕십리역,2;5,12,37.5614,127.038233
왕십리역,2;5,13,37.561462,127.038956
왕십리역,2;5,13,37.561462,127.038956
왕십리역,2;5,13,37.561462,127.038956
왕십리역,2;5,2,37.561608,127.035382
왕십리역,2;5,2,37.561608,127.035382
왕십리역,2;5,2,37.561608,127.035382
왕십리역,2;5,3,37.561256,127.035997
왕십리역,2;5,3,37.561256,127.035997
왕십리역,2;5,3,37.561256,127.035997
왕십리역,2;5,4,37.561415,127.036949
왕십리역,2;5,4,37.561415,127.036949
왕십리역,2;5,4,37.561415,127.036949
왕십리역,2;5,5,37.561402,127.037448
왕십리역,2;5,5,37.561402,127.037448
왕십리역,2;5,5,37.561402,127.037448
왕십리역,2;5,6,37.561241,127.039229
왕십리역,2;5,6,37.561241,127.039229
왕십리역,2;5,6,37.561241,127.039229
왕십리역,2;5,6-1,37.561028,127.037625
왕십리역,2;5,6-1,37.561028,127.037625
왕십리역,2;5,6-1,37.561028,127.037625
왕십리역,2;5,7,37.561039,127.036155
왕십리역,2;5,7,37.561039,127.036155
왕십리역,2;5,7,37.561039,127.036155
왕십리역,2;5,8,37.56096,127.035888
왕십리역,2;5,8,37.56096,127.035888
왕십리역,2;5,8,37.56096,127.035888
왕십리역,2;5,9,37.560678,127.035421
왕십리역,2;5,9,37.560678,127.035421
왕십리역,2;5,9,37.560678,127.035421
외대앞역,1,,37.596306,127.063743
외대앞역,1,1,37.595466,127.062895
외대앞역,1,2,37.595437,127.063275
용답역,2,,37.56209,127.050861
용답역,2,1,37.562496,127.051379
용답역,2,2,37.562586,127.050437
용두역,2,,37.574074,127.038066
용두역,2,1,37.57422,127.037764
용두역,2,2,37.574494,127.037953
용두역,2,3,37.574154,127.038646
용두역,2,4,37.573632,127.038285
용두역,2,5,37.573888,127.037746
용마산역,7,,37.573993,127.08658
용마산역,7,1,37.574243,127.086865
용마산역,7,2,37.573862,127.087045
용마산역,7,3,37.573656,127.086515
용산역,1,,37.529953,126.964827
용산역,1,1,37.528946,126.965097
용산역,1,2,37.528446,126.96752
용산역,1,2,37.529858,126.965003
용산역,1,3,37.528488,126.966985
용산역,1,3,37.531748,126.963658
용산역,1,4,37.529119,126.967553
용산역,1,5,37.529833,126.967891
우장산역,5,,37.548894,126.836323
우장산역,5,1,37.548966,126.836549
우장산역,5,2,37.548432,126.836555
우장산역,5,3,37.548449,126.8362
우장산역,5,4,37.548839,126.836206
운양역,김포 골드라인,,37.653809,126.683938
운양역,김포 골드라인,1,37.653978,126.683429
운양역,김포 골드라인,2,37.65403,126.684119
운양역,김포 골드라인,3,37.653711,126.684237
운양역,김포 골드라인,4,37.653651,126.683396
운연역,I2,,37.439656,126.759632
운연역,I2,1,37.439582,126.759793
운정역,경의·중앙,,37.725329,126.767045
운정역,경의·중앙,1,37.725527,126.766586
운정역,경의·중앙,2,37.7252,126.767568
운정중앙역,GTX-A,,37.716146,126.728286
운정중앙역,GTX-A,1,37.716478,126.728283
운정중앙역,GTX-A,2,37.715796,126.728265
운천역,1,,35.150401,126.858698
운천역,1,1,35.150361,126.858948
운천역,1,2,35.15028,126.858472
운천역,1,3,35.150598,126.858368
운천역,1,4,35.150688,126.858889
원당역,3,,37.65305,126.842898
원당역,3,1,37.653496,126.843334
원당역,3,2,37.653182,126.843146
원당역,3,3,37.652765,126.842878
원당역,3,4,37.652833,126.842597
원당역,3,5,37.653264,126.842832
원당역,3,6,37.653596,126.843082
원동역,,,35.362425,128.920798
원릉역,교외선 무궁화호: 대곡 → 의정부;교외선 무궁화호: 의정부 → 대곡,,37.66264,126.839956
원시역,서해,,37.302557,126.786785
원시역,서해,1,37.301963,126.786675
원시역,서해,2,37.302091,126.786421
원인재역,수인·분당;인천1,,37.412626,126.688156
원인재역,수인·분당;인천1,,37.413124,126.686591
원인재역,수인·분당;인천1,1,37.412753,126.688633
원인재역,수인·분당;인천1,1,37.412753,126.688633
원인재역,수인·분당;인천1,2,37.411625,126.687388
원인재역,수인·분당;인천1,2,37.411625,126.687388
원인재역,수인·분당;인천1,3,37.411835,126.687057
원인재역,수인·분당;인천1,3,37.411835,126.687057
원인재역,수인·분당;인천1,4,37.413003,126.686448
원인재역,수인·분당;인천1,4,37.413003,126.686448
원인재역,수인·분당;인천1,5,37.413263,126.686726
원인재역,수인·분당;인천1,5,37.413263,126.686726
원인재역,수인·분당;인천1,6,37.413016,126.688291
원인재역,수인·분당;인천1,6,37.413016,126.688291
원종역,서해,,37.523846,126.804861
원종역,서해,1,37.524409,126.805114
원종역,서해,2,37.523237,126.804991
원종역,서해,3,37.523052,126.804728
원종역,서해,4,37.524342,126.804722
원흥역,3,,37.650512,126.873668
원흥역,3,1,37.650137,126.874319
원흥역,3,2,37.650098,126.873835
원흥역,3,3,37.650136,126.873258
원흥역,3,4,37.650648,126.872473
원흥역,3,5,37.651086,126.872101
원흥역,3,6,37.650793,126.873762
원흥역,3,7,37.65083,126.874409
원흥역,3,8,37.650435,126.874479
월계역,1,,37.633063,127.058865
월계역,1,1,37.634033,127.05908
월계역,1,2,37.634355,127.0585
월계역,1,3,37.631709,127.058754
월계역,1,4,37.631738,127.058961
월곡역,6,,37.60192,127.041455
월곡역,6,1,37.601888,127.041225
월곡역,6,2,37.602491,127.041245
월곡역,6,3,37.602636,127.041827
월곡역,6,4,37.602386,127.042149
월곡역,6,5,37.601879,127.041692
월곶역,수인·분당,,37.391794,126.7427
월곶역,수인·분당,1,37.391472,126.742682
월내역,동해,,35.328083,129.276559
월내역,동해,1,35.327846,129.276756
월내역,동해,2,35.328188,129.276392
월드컵경기장역,6,,37.570192,126.899318
월드컵경기장역,6,1,37.5682,126.899072
월드컵경기장역,6,2,37.569708,126.899019
월드컵경기장역,6,3,37.570616,126.898967
윗반송역,,,35.23247,129.153873
윗반송역,,1,35.232543,129.153705
윗반송역,,2,35.232318,129.153887
윗반송역,,3,35.232736,129.154026
윗반송역,,4,35.232533,129.15426
율리역,2,,35.246472,129.012864
율리역,2,1,35.246123,129.012736
율리역,2,2,35.246128,129.013021
율리역,2,3,35.246676,129.012764
율리역,2,4,35.246675,129.01304
을지로3가역,2;3,,37.566336,126.992531
을지로3가역,2;3,1,37.566304,126.989432
을지로3가역,2;3,10,37.566248,126.992338
을지로3가역,2;3,11,37.566146,126.990028
을지로3가역,2;3,12,37.566032,126.989414
을지로3가역,2;3,2,37.566306,126.989964
을지로3가역,2;3,3,37.566439,126.99231
을지로3가역,2;3,5,37.567414,126.99259
을지로3가역,2;3,6,37.566475,126.99293
을지로3가역,2;3,7,37.56623,126.992954
을지로3가역,2;3,8,37.565192,126.992879
을지로3가역,2;3,9,37.565177,126.992636
을지로4가역,2;5,,37.566643,126.998169
을지로4가역,2;5,1,37.566748,126.997516
을지로4가역,2;5,10,37.566432,126.997373
을지로4가역,2;5,2,37.566979,126.997788
을지로4가역,2;5,3,37.567788,126.997965
을지로4가역,2;5,4,37.567797,126.998135
을지로4가역,2;5,5,37.567036,126.998422
을지로4가역,2;5,6,37.566812,126.99875
을지로4가역,2;5,7,37.56647,126.998722
을지로4가역,2;5,8,37.566227,126.998443
을지로4가역,2;5,9,37.566392,126.9978
을지로입구역,2,,37.565949,126.982617
을지로입구역,2,1,37.566273,126.982137
을지로입구역,2,1-1,37.566105,126.981129
을지로입구역,2,2,37.566076,126.979363
을지로입구역,2,2,37.566406,126.982309
을지로입구역,2,3,37.566519,126.983013
을지로입구역,2,4,37.566373,126.983216
을지로입구역,2,5,37.565761,126.983179
을지로입구역,2,6,37.565619,126.982964
을지로입구역,2,7,37.565472,126.982352
을지로입구역,2,8,37.565895,126.982007
응봉역,경의·중앙,,37.550276,127.034728
응봉역,경의·중앙,1,37.55112,127.035066
응봉역,경의·중앙,1,37.551218,127.035163
응봉역,경의·중앙,2,37.55116,127.035344
응암역,6,,37.59843,126.915528
응암역,6,1,37.598781,126.9155
응암역,6,2,37.599348,126.915569
응암역,6,3,37.59932,126.915933
응암역,6,4,37.598837,126.915816
의왕역,1,,37.320998,126.948034
의왕역,1,1,37.321135,126.945969
의왕역,1,1,37.321338,126.94568
의왕역,1,1,37.321345,126.945968
의왕역,1,1,37.321663,126.945671
의왕역,1,2,37.321324,126.948651
의왕역,1,3,37.320944,126.948743
의정부시청역,U;의정부경전철: 발곡 → 차량기지임시승강장;의정부경전철: 차량기지임시승강장 → 탑석,,37.739263,127.034887
의정부시청역,U;의정부경전철: 발곡 → 차량기지임시승강장;의정부경전철: 차량기지임시승강장 → 탑석,1,37.738873,127.035021
의정부시청역,U;의정부경전철: 발곡 → 차량기지임시승강장;의정부경전철: 차량기지임시승강장 → 탑석,2,37.738862,127.034742
의정부역,1,,37.737704,127.04605
의정부역,1,1,37.736303,127.045575
의정부역,1,1,37.737248,127.043144
의정부역,1,2,37.737881,127.043394
의정부역,1,2,37.738249,127.044964
의정부역,1,3,37.738623,127.04519
의정부역,1,4,37.739152,127.046288
의정부역,1,5,37.738773,127.046529
의정부역,1,5-2,37.739578,127.047329
의정부역,1,6,37.738161,127.046633
의정부역,1,7,37.736394,127.046939
의정부역,1,8,37.737845,127.04601
의정부중앙역,U;의정부경전철: 발곡 → 차량기지임시승강장;의정부경전철: 차량기지임시승강장 → 탑석,,37.743685,127.049756
의정부중앙역,U;의정부경전철: 발곡 → 차량기지임시승강장;의정부경전철: 차량기지임시승강장 → 탑석,1,37.743553,127.049209
의정부중앙역,U;의정부경전철: 발곡 → 차량기지임시승강장;의정부경전철: 차량기지임시승강장 → 탑석,2,37.743774,127.049184
이대역,2,,37.556773,126.945835
이대역,2,1,37.556846,126.945614
이대역,2,2,37.557011,126.945801
이대역,2,3,37.55705,126.94596
이대역,2,4,37.556872,126.946192
이대역,2,5,37.556362,126.945954
이대역,2,6,37.556647,126.945472
이매역,경강;수인·분당,,37.39464,127.1284
이매역,경강;수인·분당,,37.395302,127.12824
이매역,경강;수인·분당,1,37.397489,127.128771
이매역,경강;수인·분당,2,37.397146,127.128656
이매역,경강;수인·분당,2,37.397146,127.128656
이매역,경강;수인·분당,3,37.394427,127.128795
이매역,경강;수인·분당,3,37.394427,127.128795
이매역,경강;수인·분당,4,37.394385,127.127968
이매역,경강;수인·분당,4,37.394385,127.127968
이매역,경강;수인·분당,5,37.394573,127.126906
이매역,경강;수인·분당,5,37.394573,127.126906
이매역,경강;수인·분당,6,37.39473,127.126906
이매역,경강;수인·분당,6,37.39473,127.126906
이매역,경강;수인·분당,7,37.394794,127.127725
이매역,경강;수인·분당,7,37.394794,127.127725
이매역,경강;수인·분당,8,37.395065,127.127964
이매역,경강;수인·분당,8,37.395065,127.127964
이매역,경강;수인·분당,9,37.397347,127.128169
이수역,7,,37.485449,126.98211
이수역,7,10,37.484977,126.980376
이수역,7,11,37.485531,126.98173
이수역,7,12,37.485802,126.981944
이수역,7,13,37.486974,126.982015
이수역,7,2,37.487025,126.982472
이수역,7,3,37.486059,126.982403
이수역,7,4,37.485787,126.982444
이수역,7,5,37.485255,126.982555
이수역,7,6,37.48501,126.982387
이수역,7,7,37.484719,126.981866
이수역,7,8,37.485022,126.981727
이수역,7,9,37.484792,126.980816
이촌역,4,,37.52244,126.973364
이촌역,4,,37.522712,126.973368
이촌역,4,1,37.522863,126.973328
이촌역,4,1,37.522863,126.973328
이촌역,4,2,37.52215,126.975636
이촌역,4,2,37.52215,126.975636
이촌역,4,3,37.52191,126.975449
이촌역,4,3,37.52191,126.975449
이촌역,4,3-1,37.521616,126.975319
이촌역,4,3-1,37.521616,126.975319
이촌역,4,4,37.522284,126.97341
이촌역,4,4,37.522284,126.97341
이촌역,4,5,37.522545,126.973407
이촌역,4,5,37.522545,126.973407
이태원역,6,,37.534503,126.994371
이태원역,6,1,37.534499,126.993655
이태원역,6,2,37.534526,126.994128
이태원역,6,3,37.534409,126.994108
이태원역,6,4,37.53439,126.993696
인덕원역,4,,37.401632,126.976966
인덕원역,4,1,37.40213,126.977214
인덕원역,4,2,37.401235,126.977381
인덕원역,4,3,37.400998,126.977104
인덕원역,4,4,37.40096,126.97641
인덕원역,4,5,37.401567,126.976364
인덕원역,4,6,37.402038,126.976241
인덕원역,4,7,37.402509,126.975777
인덕원역,4,8,37.402882,126.976091
인제대역,BGL,,35.228074,128.901774
인제대역,BGL,1,35.227815,128.90202
인제대역,BGL,1,35.228287,128.901955
인천가좌역,I2,,37.490459,126.675239
인천가좌역,I2,1,37.490797,126.675452
인천가좌역,I2,2,37.489814,126.675094
인천논현역,수인·분당,,37.400687,126.722565
인천논현역,수인·분당,1,37.400425,126.722782
인천논현역,수인·분당,2,37.400257,126.722211
인천논현역,수인·분당,3,37.400849,126.722051
인천논현역,수인·분당,4,37.400951,126.722663
인천대공원역,I2,,37.448549,126.752815
인천대공원역,I2,1,37.448434,126.753377
인천대공원역,I2,2,37.448799,126.753054
인천대공원역,I2,3,37.448684,126.753629
인천대입구역,인천1,,37.386116,126.639447
인천대입구역,인천1,1,37.385195,126.639032
인천대입구역,인천1,2,37.385621,126.638776
인천대입구역,인천1,3,37.386424,126.637028
인천대입구역,인천1,4,37.386899,126.639884
인천대입구역,인천1,5,37.385545,126.640248
인천시청역,I2;인천1,,37.456812,126.702435
인천시청역,I2;인천1,,37.457291,126.702085
인천시청역,I2;인천1,1,37.45876,126.702496
인천시청역,I2;인천1,1,37.45876,126.702496
인천시청역,I2;인천1,2,37.457363,126.702293
인천시청역,I2;인천1,2,37.457363,126.702293
인천시청역,I2;인천1,3,37.456884,126.702861
인천시청역,I2;인천1,3,37.456884,126.702861
인천시청역,I2;인천1,4,37.45666,126.702928
인천시청역,I2;인천1,4,37.45666,126.702928
인천시청역,I2;인천1,5,37.456226,126.702135
인천시청역,I2;인천1,5,37.456226,126.702135
인천시청역,I2;인천1,6,37.456241,126.701872
인천시청역,I2;인천1,6,37.456241,126.701872
인천시청역,I2;인천1,7,37.456801,126.700913
인천시청역,I2;인천1,7,37.456801,126.700913
인천시청역,I2;인천1,8,37.457056,126.700874
인천시청역,I2;인천1,8,37.457056,126.700874
인천시청역,I2;인천1,9,37.458719,126.701992
인천시청역,I2;인천1,9,37.458719,126.701992
인천역,1,,37.476569,126.617366
인천역,1,,37.476682,126.616887
인천역,1,1,37.476202,126.617194
인천역,1,1,37.476202,126.617194
인천역,1,2,37.477133,126.617491
인천역,1,2,37.477133,126.617491
인천역,1,3,37.476419,126.617623
인천역,1,3,37.476419,126.617623
인천터미널역,인천1,,37.441946,126.699716
인천터미널역,인천1,1,37.442182,126.699916
인천터미널역,인천1,2,37.442073,126.700224
인천터미널역,인천1,3,37.441722,126.700177
인천터미널역,인천1,4,37.441622,126.699827
인천터미널역,인천1,5,37.441748,126.699461
인천터미널역,인천1,6,37.442125,126.699509
인하대역,수인·분당,,37.448247,126.649784
인하대역,수인·분당,1,37.447598,126.649663
인하대역,수인·분당,2,37.448306,126.64941
인하대역,수인·분당,3,37.44873,126.649072
인하대역,수인·분당,4,37.449012,126.650092
인하대역,수인·분당,5,37.448726,126.650463
인하대역,수인·분당,6,37.44827,126.650538
인하대역,수인·분당,7,37.447807,126.650263
일광역,동해,,35.268279,129.233297
일광역,동해,1,35.267093,129.233145
일광역,동해,2,35.267179,129.232701
일산역,경의·중앙;서해,,37.682219,126.769498
일산역,경의·중앙;서해,1,37.681801,126.769215
일산역,경의·중앙;서해,2,37.682512,126.769598
일영역,교외선 무궁화호: 대곡 → 의정부;교외선 무궁화호: 의정부 → 대곡,,37.700571,126.928969
일원역,3,,37.483692,127.084377
일원역,3,1,37.484332,127.083713
일원역,3,2,37.483757,127.085125
일원역,3,3,37.483546,127.084937
일원역,3,4,37.483312,127.085233
일원역,3,5,37.483265,127.084816
일원역,3,6,37.484033,127.083516
일원역,3,7,37.484372,127.083447
자갈치역,1,,35.097346,129.026768
자갈치역,1,1,35.096843,129.02464
자갈치역,1,10,35.097517,129.027808
자갈치역,1,2,35.096629,129.024805
자갈치역,1,3,35.097446,129.026447
자갈치역,1,4,35.096992,129.026121
자갈치역,1,5,35.09761,129.02712
자갈치역,1,6,35.097189,129.026551
자갈치역,1,7,35.097738,129.027685
자갈치역,1,8,35.097375,129.027222
자양역,7,,37.531532,127.066742
자양역,7,1,37.531934,127.067115
자양역,7,2,37.531048,127.066683
자양역,7,3,37.531112,127.066408
자양역,7,4,37.531822,127.0664
작전역,인천1,,37.530313,126.722531
작전역,인천1,1,37.530983,126.722806
작전역,인천1,2,37.530825,126.723162
작전역,인천1,3,37.529858,126.723125
작전역,인천1,4,37.529576,126.722732
작전역,인천1,5,37.529664,126.722334
작전역,인천1,6,37.529851,126.722015
작전역,인천1,7,37.530838,126.721985
작전역,인천1,8,37.530957,126.722256
잠실나루역,2,,37.520691,127.10383
잠실나루역,2,1,37.521074,127.103785
잠실나루역,2,2,37.520487,127.104094
잠실나루역,2,3,37.520413,127.103826
잠실나루역,2,4,37.520974,127.10352
잠실새내역,2,,37.511588,127.085571
잠실새내역,2,1,37.511258,127.08763
잠실새내역,2,2,37.511173,127.085906
잠실새내역,2,3,37.511411,127.085219
잠실새내역,2,4,37.511422,127.084744
잠실새내역,2,5,37.511878,127.084872
잠실새내역,2,6,37.511983,127.085219
잠실새내역,2,7,37.511838,127.085982
잠실새내역,2,8,37.511758,127.08762
잠실역,2;8,,37.513217,127.100137
잠실역,2;8,1,37.513282,127.101176
잠실역,2;8,2,37.512848,127.1009
잠실역,2;8,2-1,37.512884,127.100472
잠실역,2;8,2-3,37.510812,127.101671
잠실역,2;8,3,37.512379,127.100228
잠실역,2;8,4,37.51266,127.099221
잠실역,2;8,5,37.513132,127.098867
잠실역,2;8,6,37.514054,127.099121
잠실역,2;8,7,37.514259,127.099733
잠실역,2;8,8,37.513821,127.101179
잠원역,3,,37.512751,127.01115
잠원역,3,1,37.512838,127.011622
잠원역,3,2,37.512584,127.011112
잠원역,3,3,37.512807,127.010994
잠원역,3,4,37.513049,127.011487
장기역,김포 골드라인,,37.644027,126.669014
장기역,김포 골드라인,1,37.643687,126.66858
장기역,김포 골드라인,2,37.644278,126.668454
장기역,김포 골드라인,3,37.644393,126.668548
장기역,김포 골드라인,4,37.644542,126.669316
장기역,김포 골드라인,5,37.643845,126.669636
장기역,김포 골드라인,6,37.643749,126.668885
장림역,1,,35.081865,128.977383
장림역,1,1,35.080993,128.977297
장림역,1,2,35.081175,128.977666
장림역,1,3,35.082152,128.977029
장림역,1,4,35.08192,128.977654
장림역,1,5,35.082596,128.977268
장림역,1,6,35.082744,128.977625
장산역,2,,35.169475,129.175858
장산역,2,1,35.170343,129.178175
장산역,2,10,35.169838,129.175677
장산역,2,11,35.168855,129.175996
장산역,2,12,35.169725,129.175436
장산역,2,13,35.168987,129.175609
장산역,2,14,35.169255,129.175455
장산역,2,2,35.17053,129.178074
장산역,2,3,35.169842,129.177927
장산역,2,4,35.170631,129.177377
장산역,2,5,35.169895,129.177212
장산역,2,6,35.170089,129.177091
장산역,2,7,35.169636,129.176621
장산역,2,8,35.169833,129.176505
장산역,2,9,35.169102,129.17624
장승배기역,7,,37.505017,126.939279
장승배기역,7,1,37.504906,126.939609
장승배기역,7,2,37.50447,126.939007
장승배기역,7,3,37.504224,126.938132
장승배기역,7,4,37.504341,126.937871
장승배기역,7,5,37.505504,126.939347
장승배기역,7,6,37.505496,126.93964
장신대역,BGL,,35.259389,128.867249
장신대역,BGL,1,35.259727,128.866848
장신대역,BGL,2,35.259711,128.867375
장암역,7,,37.699974,127.052908
장암역,7,1,37.700268,127.053571
장자호수공원역,8,,37.587406,127.137912
장자호수공원역,8,1,37.587489,127.137509
장자호수공원역,8,2,37.587744,127.137479
장자호수공원역,8,3,37.588055,127.137806
장자호수공원역,8,4,37.588057,127.138024
장자호수공원역,8,5,37.587758,127.138603
장자호수공원역,8,6,37.58752,127.138569
장전역,1,,35.238212,129.088098
장전역,1,1,35.237584,129.08812
장전역,1,2,35.237628,129.088326
장전역,1,3,35.238557,129.087972
장전역,1,4,35.23855,129.088178
장지역,8,,37.478888,127.126067
장지역,8,1,37.478764,127.126419
장지역,8,2,37.478544,127.126531
장지역,8,3,37.478332,127.126066
장지역,8,4,37.47858,127.125872
장한평역,5,,37.561491,127.064567
장한평역,5,1,37.561827,127.064233
장한평역,5,2,37.561948,127.064603
장한평역,5,3,37.561951,127.06513
장한평역,5,4,37.561636,127.065322
장한평역,5,5,37.561106,127.064995
장한평역,5,6,37.560947,127.064727
장한평역,5,7,37.561004,127.064185
장한평역,5,8,37.561231,127.063965
장흥역,교외선 무궁화호: 대곡 → 의정부;교외선 무궁화호: 의정부 → 대곡,,37.718686,126.94161
재송역,동해,,35.188041,129.120099
재송역,동해,1,35.188392,129.120262
재송역,동해,2,35.188375,129.119807
전포역,2,,35.152817,129.065343
전포역,2,1,35.151823,129.065175
전포역,2,2,35.151837,129.065637
전포역,2,3,35.152476,129.065174
전포역,2,4,35.152479,129.065634
전포역,2,5,35.153269,129.065165
전포역,2,6,35.153271,129.065629
전포역,2,7,35.154364,129.065155
전포역,2,8,35.154164,129.065621
정릉역,W,,37.602829,127.013355
정릉역,W,1,37.603025,127.013434
정릉역,W,2,37.602726,127.013354
정발산역,3,,37.659711,126.773265
정발산역,3,1,37.659173,126.77327
정발산역,3,2,37.659783,126.772926
정발산역,3,3,37.65996,126.77338
정발산역,3,4,37.659355,126.77375
정부과천청사역,4,,37.426471,126.98975
정부과천청사역,4,1,37.427178,126.990882
정부과천청사역,4,10,37.428066,126.990558
정부과천청사역,4,11,37.428087,126.991138
정부과천청사역,4,2,37.426722,126.990504
정부과천청사역,4,3,37.426038,126.989544
정부과천청사역,4,4,37.425809,126.989746
정부과천청사역,4,5,37.425245,126.989485
정부과천청사역,4,6,37.425419,126.989212
정부과천청사역,4,7,37.42603,126.988636
정부과천청사역,4,8,37.426285,126.988873
정부과천청사역,4,9,37.426945,126.990292
정왕역,4,,37.35181,126.742954
정왕역,4,1,37.35171,126.742742
정왕역,4,2,37.351967,126.742872
정자역,수인·분당;신분당,,37.366234,127.108114
정자역,수인·분당;신분당,,37.366652,127.108437
정자역,수인·분당;신분당,1,37.366216,127.108415
정자역,수인·분당;신분당,1,37.366216,127.108415
정자역,수인·분당;신분당,2,37.366048,127.108412
정자역,수인·분당;신분당,2,37.366048,127.108412
정자역,수인·분당;신분당,3,37.365937,127.107788
정자역,수인·분당;신분당,3,37.365937,127.107788
정자역,수인·분당;신분당,4,37.366396,127.107786
정자역,수인·분당;신분당,4,37.366396,127.107786
정자역,수인·분당;신분당,5,37.368191,127.107886
정자역,수인·분당;신분당,5,37.368191,127.107886
정자역,수인·분당;신분당,6,37.367134,127.108361
정자역,수인·분당;신분당,6,37.367134,127.108361
제기동역,1,,37.578378,127.034467
제기동역,1,1,37.578249,127.033465
제기동역,1,2,37.578291,127.036057
제기동역,1,3,37.578033,127.035737
제기동역,1,4,37.578028,127.035382
제기동역,1,5,37.578003,127.033955
제기동역,1,6,37.578006,127.033497
제물포역,1,,37.466815,126.656985
제물포역,1,1,37.466637,126.657169
제물포역,1,2,37.467151,126.656387
종각역,1,,37.570175,126.983183
종각역,1,1,37.570368,126.982445
종각역,1,10,37.570071,126.984646
종각역,1,11,37.57033,126.98584
종각역,1,12,37.570051,126.985847
종각역,1,2,37.570904,126.982861
종각역,1,3,37.570359,126.98388
종각역,1,3-1,37.570907,126.983202
종각역,1,4,37.570075,126.983829
종각역,1,5,37.569798,126.982591
종각역,1,6,37.569915,126.982378
종각역,1,7,37.570346,126.984447
종각역,1,8,37.570344,126.984734
종각역,1,9,37.570075,126.984354
종로3가역,1;3;5,,37.57044,126.992324
종로3가역,1;3;5,,37.571499,126.991906
종로3가역,1;3;5,,37.57254,126.99027
종로3가역,1;3;5,1,37.570553,126.991347
종로3가역,1;3;5,1,37.570553,126.991347
종로3가역,1;3;5,1,37.570553,126.991347
종로3가역,1;3;5,10,37.570627,126.992494
종로3가역,1;3;5,10,37.570627,126.992494
종로3가역,1;3;5,10,37.570627,126.992494
종로3가역,1;3;5,11,37.570639,126.992741
종로3가역,1;3;5,11,37.570639,126.992741
종로3가역,1;3;5,12,37.570368,126.99277
종로3가역,1;3;5,12,37.570368,126.99277
종로3가역,1;3;5,13,37.57036,126.992514
종로3가역,1;3;5,13,37.57036,126.992514
종로3가역,1;3;5,14,37.570254,126.991804
종로3가역,1;3;5,14,37.570254,126.991804
종로3가역,1;3;5,14,37.570254,126.991804
종로3가역,1;3;5,15,37.570225,126.991404
종로3가역,1;3;5,15,37.570225,126.991404
종로3가역,1;3;5,15,37.570225,126.991404
종로3가역,1;3;5,2,37.570577,126.991762
종로3가역,1;3;5,2,37.570577,126.991762
종로3가역,1;3;5,2,37.570577,126.991762
종로3가역,1;3;5,2-1,37.570847,126.991908
종로3가역,1;3;5,2-1,37.570847,126.991908
종로3가역,1;3;5,2-1,37.570847,126.991908
종로3가역,1;3;5,3,37.572499,126.991202
종로3가역,1;3;5,3,37.572499,126.991202
종로3가역,1;3;5,3,37.572499,126.991202
종로3가역,1;3;5,4,37.572462,126.989558
종로3가역,1;3;5,4,37.572462,126.989558
종로3가역,1;3;5,5,37.572468,126.988889
종로3가역,1;3;5,5,37.572468,126.988889
종로3가역,1;3;5,6,37.57262,126.991106
종로3가역,1;3;5,6,37.57262,126.991106
종로3가역,1;3;5,6,37.57262,126.991106
종로3가역,1;3;5,7,37.572623,126.991731
종로3가역,1;3;5,7,37.572623,126.991731
종로3가역,1;3;5,7,37.572623,126.991731
종로3가역,1;3;5,8,37.57248,126.991751
종로3가역,1;3;5,8,37.57248,126.991751
종로3가역,1;3;5,8,37.57248,126.991751
종로3가역,1;3;5,9,37.571168,126.992168
종로3가역,1;3;5,9,37.571168,126.992168
종로3가역,1;3;5,9,37.571168,126.992168
종로5가역,1,,37.570987,127.002022
종로5가역,1,1,37.571085,127.001629
종로5가역,1,11,37.570696,126.999391
종로5가역,1,13,37.571045,127.000107
종로5가역,1,2,37.571183,127.001765
종로5가역,1,3,37.571195,127.002022
종로5가역,1,4,37.57116,127.002143
종로5가역,1,5,37.570824,127.002214
종로5가역,1,6,37.57071,127.00209
종로5가역,1,7,37.570712,127.00175
종로5가역,1,8,37.570811,127.001606
종합운동장역,3,,35.190888,129.067571
종합운동장역,2;9,,37.511058,127.07372
종합운동장역,2;9,,37.511406,127.076209
종합운동장역,3,1,35.190762,129.068497
종합운동장역,2;9,1,37.510992,127.075151
종합운동장역,2;9,1,37.510992,127.075151
종합운동장역,2;9,10,37.511957,127.077637
종합운동장역,3,11,35.191336,129.067217
종합운동장역,2;9,11,37.512048,127.077904
종합운동장역,2;9,12,37.512162,127.07854
종합운동장역,2;9,13,37.512095,127.078765
종합운동장역,2;9,14,37.511611,127.07881
종합운동장역,2;9,15,37.511471,127.07867
종합운동장역,2;9,16,37.511373,127.078231
종합운동장역,3,2,35.19118,129.068663
종합운동장역,2;9,2,37.510813,127.074587
종합운동장역,2;9,2,37.510813,127.074587
종합운동장역,3,3,35.190689,129.068085
종합운동장역,2;9,3,37.51056,127.07342
종합운동장역,2;9,3,37.51056,127.07342
종합운동장역,3,4,35.191791,129.067622
종합운동장역,2;9,4,37.510492,127.07279
종합운동장역,3,5,35.190291,129.067489
종합운동장역,2;9,5,37.511266,127.072744
종합운동장역,2;9,6,37.511622,127.073216
종합운동장역,2;9,6,37.511622,127.073216
종합운동장역,3,7,35.190513,129.066968
종합운동장역,2;9,7,37.511712,127.073764
종합운동장역,2;9,7,37.511712,127.073764
종합운동장역,2;9,8,37.511658,127.07459
종합운동장역,2;9,8,37.511658,127.07459
종합운동장역,3,9,35.191069,129.066771
종합운동장역,2;9,9,37.511092,127.0775
좌천역,1,,35.134336,129.05435
좌천역,동해,,35.311829,129.245131
좌천역,1,1,35.133773,129.053652
좌천역,동해,1,35.31197,129.244822
좌천역,1,2,35.133581,129.053889
좌천역,1,3,35.134169,129.054034
좌천역,1,4,35.133619,129.054133
좌천역,1,5,35.13464,129.05448
좌천역,1,6,35.134443,129.054785
좌천역,1,7,35.13501,129.054845
좌천역,1,8,35.134816,129.055184
주례역,2,,35.150485,129.00314
주례역,2,1,35.150374,129.003891
주례역,2,2,35.150701,129.003852
주례역,2,3,35.150325,129.003465
주례역,2,4,35.150667,129.003423
주례역,2,5,35.15026,129.002744
주례역,2,6,35.150624,129.002695
주례역,2,7,35.150225,129.002392
주례역,2,8,35.150597,129.002352
주안국가산단역,I2,,37.47399,126.681159
주안국가산단역,I2,1,37.47417,126.681467
주안국가산단역,I2,2,37.473363,126.680832
주안역,1,,37.465081,126.680631
주안역,1,,37.465153,126.679028
주안역,1,1,37.464703,126.680876
주안역,1,1,37.464703,126.680876
주안역,1,2,37.464758,126.680323
주안역,1,2,37.464758,126.680323
주안역,1,3,37.465352,126.680272
주안역,1,3,37.465352,126.680272
주안역,1,4,37.465274,126.681105
주안역,1,4,37.465274,126.681105
주안역,1,5,37.464822,126.679479
주안역,1,5,37.464822,126.679479
주안역,1,6,37.465687,126.679089
주안역,1,6,37.465687,126.679089
주엽역,3,,37.670152,126.761238
주엽역,3,1,37.669715,126.761754
주엽역,3,2,37.669573,126.761131
주엽역,3,3,37.669734,126.760714
주엽역,3,4,37.67028,126.760458
주엽역,3,5,37.670566,126.760675
주엽역,3,6,37.670706,126.761392
주엽역,3,7,37.670577,126.761749
주엽역,3,8,37.67005,126.761987
죽전역,수인·분당,,37.324567,127.107407
죽전역,수인·분당,1,37.325434,127.107386
죽전역,수인·분당,2,37.324937,127.107645
죽전역,수인·분당,3,37.324765,127.107208
중계역,7,,37.645537,127.063873
중계역,7,1,37.645867,127.063946
중계역,7,2,37.645597,127.064565
중계역,7,3,37.644101,127.064685
중계역,7,4,37.644031,127.064413
중계역,7,5,37.645282,127.063397
중계역,7,6,37.645731,127.063584
중곡역,7,,37.566305,127.084515
중곡역,7,1,37.566126,127.084565
중곡역,7,2,37.566152,127.084294
중곡역,7,3,37.566574,127.084523
중동역,2,,35.166676,129.167807
중동역,1,,37.486778,126.763967
중동역,2,1,35.166598,129.169567
중동역,1,1,37.486483,126.76412
중동역,2,10,35.167053,129.167525
중동역,2,12,35.166822,129.167461
중동역,2,2,35.166798,129.169559
중동역,1,2,37.486999,126.764266
중동역,2,3,35.166574,129.168686
중동역,2,4,35.166979,129.168525
중동역,2,5,35.166289,129.168372
중동역,2,6,35.167078,129.168301
중동역,2,7,35.166243,129.168069
중동역,2,8,35.167138,129.167757
중동역,2,9,35.166396,129.167521
중랑역,경의·중앙;경춘,,37.594976,127.076311
중랑역,경의·중앙;경춘,1,37.594872,127.075276
중랑역,경의·중앙;경춘,2,37.59512,127.07642
중랑역,경의·중앙;경춘,3,37.594883,127.076495
중랑역,경의·중앙;경춘,4,37.594639,127.075393
중앙보훈병원역,9,,37.52828,127.148258
중앙보훈병원역,9,1,37.527882,127.147624
중앙보훈병원역,9,2,37.529872,127.148786
중앙보훈병원역,9,3,37.528931,127.148812
중앙역,1,,35.103843,129.036327
중앙역,4,,37.31603,126.838529
중앙역,1,1,35.101847,129.036323
중앙역,4,1,37.316186,126.838811
중앙역,1,10,35.104881,129.036428
중앙역,1,11,35.104575,129.036242
중앙역,1,12,35.105578,129.036417
중앙역,1,13,35.104873,129.036237
중앙역,1,14,35.105782,129.036395
중앙역,1,15,35.105365,129.036177
중앙역,1,17,35.105773,129.036144
중앙역,1,2,35.102663,129.036586
중앙역,4,2,37.315788,126.839007
중앙역,1,3,35.102656,129.036351
중앙역,1,4,35.103166,129.036549
중앙역,1,5,35.102843,129.036251
중앙역,1,6,35.103699,129.036494
중앙역,1,7,35.102997,129.036035
중앙역,1,8,35.10458,129.036448
중앙역,1,9,35.103163,129.036298
중화역,7,,37.601627,127.079517
중화역,7,1,37.603436,127.079221
중화역,7,2,37.601721,127.079569
중화역,7,3,37.60171,127.079332
중화역,7,4,37.603415,127.079015
증미역,9,,37.55751,126.861818
증미역,9,1,37.557936,126.861346
증미역,9,2,37.557363,126.862457
증미역,9,3,37.557445,126.861756
증미역,9,4,37.557728,126.861145
증산역,2,,35.308322,129.010233
증산역,6,,37.584144,126.909912
증산역,2,1,35.308384,129.009996
증산역,6,1,37.584315,126.91027
증산역,6,2,37.58388,126.909813
증산역,6,3,37.584019,126.909565
증산역,6,4,37.584448,126.91005
지게골역,2,,35.13565,129.074217
지게골역,2,1,35.134997,129.075098
지게골역,2,2,35.13519,129.075383
지게골역,2,3,35.135839,129.073649
지게골역,2,4,35.135886,129.073981
지내역,BGL,,35.227514,128.923787
지내역,BGL,1,35.227609,128.923463
지내역,BGL,2,35.227784,128.923793
지식정보단지역,인천1,,37.377471,126.645923
지식정보단지역,인천1,2,37.378309,126.644982
지식정보단지역,인천1,3,37.378493,126.645592
지식정보단지역,인천1,4,37.378216,126.64603
지축역,3,,37.648118,126.91393
지축역,3,1,37.648084,126.914109
지축역,3,2,37.648122,126.913859
진접역,4,,37.720054,127.20325
진접역,4,1,37.7208,127.203551
진접역,4,2,37.720338,127.203495
진접역,4,3,37.719134,127.203497
진접역,4,4,37.719109,127.203187
진접역,4,5,37.720247,127.202817
진접역,4,6,37.720502,127.202749
창동역,1;4,,37.652598,127.047978
창동역,1;4,,37.653182,127.047699
창동역,1;4,1,37.653482,127.04884
창동역,1;4,1,37.653482,127.04884
창동역,1;4,2,37.652947,127.046597
창동역,1;4,2,37.652947,127.046597
창신역,6,,37.579804,127.015247
창신역,6,1,37.579394,127.015082
창신역,6,2,37.579989,127.015039
창신역,6,3,37.579946,127.015395
창신역,6,4,37.579387,127.01542
천왕역,7,,37.486367,126.838922
천왕역,7,1,37.486191,126.838899
천왕역,7,2,37.486429,126.838387
천왕역,7,3,37.487006,126.838712
천왕역,7,4,37.486286,126.839164
천호역,5;8,,37.538522,127.123402
천호역,5;8,1,37.538989,127.122979
천호역,5;8,10,37.538651,127.122818
천호역,5;8,2,37.539115,127.123376
천호역,5;8,3,37.539072,127.123731
천호역,5;8,4,37.538586,127.124053
천호역,5;8,5,37.538255,127.125042
천호역,5;8,6,37.537995,127.124822
천호역,5;8,7,37.538251,127.123957
천호역,5;8,8,37.538041,127.123403
천호역,5;8,9,37.538192,127.123086
철산역,7,,37.476001,126.867597
철산역,7,1,37.476106,126.868624
철산역,7,2,37.475648,126.867023
철산역,7,3,37.475947,126.86701
철산역,7,4,37.476394,126.868411
청계산입구역,신분당,,37.448311,127.054643
청계산입구역,신분당,1,37.44895,127.05429
청계산입구역,신분당,2,37.447689,127.054991
청구역,5;6,,37.560231,127.013778
청구역,5;6,1,37.560471,127.013637
청구역,5;6,2,37.560426,127.014016
청구역,5;6,3,37.560108,127.013861
청담역,7,,37.519091,127.051678
청담역,7,10,37.519195,127.051558
청담역,7,11,37.519287,127.052099
청담역,7,4,37.519027,127.052105
청담역,7,5,37.518951,127.051635
청담역,7,6,37.518532,127.05055
청담역,7,7,37.518412,127.050312
청담역,7,8,37.519114,127.049932
청담역,7,9,37.519195,127.050204
청라국제도시역,공항철도,,37.556445,126.624692
청라국제도시역,공항철도,1,37.554989,126.625649
청라국제도시역,공항철도,2,37.555218,126.625932
청량리역,1,,37.579975,127.044628
청량리역,1,,37.580596,127.048257
청량리역,1,1,37.579609,127.043011
청량리역,1,1,37.580452,127.046943
청량리역,1,1,37.580452,127.046943
청량리역,1,2,37.580013,127.047615
청량리역,1,2,37.580013,127.047615
청량리역,1,2,37.58071,127.045593
청량리역,1,2,37.58071,127.045593
청량리역,1,3,37.579772,127.048607
청량리역,1,3,37.580856,127.045946
청량리역,1,3,37.580856,127.045946
청량리역,1,4,37.580406,127.04614
청량리역,1,4,37.580406,127.04614
청량리역,1,5,37.579881,127.045582
청량리역,1,5,37.579881,127.045582
청량리역,1,6,37.579385,127.043236
체육공원역,3,,35.212486,128.969379
체육공원역,3,1,35.212274,128.970245
체육공원역,3,2,35.212629,128.969278
체육공원역,3,3,35.212306,128.969487
초량역,1,,35.121202,129.04297
초량역,1,1,35.11922,129.041727
초량역,1,10,35.121428,129.043302
초량역,1,12,35.121853,129.043526
초량역,1,2,35.119081,129.042072
초량역,1,3,35.11966,129.041668
초량역,1,4,35.119473,129.042267
초량역,1,5,35.120395,129.042416
초량역,1,6,35.120306,129.042705
초량역,1,7,35.12152,129.043033
초량역,1,8,35.120558,129.042827
초량역,1,9,35.121955,129.043257
초지역,4,,37.31984,126.80788
초지역,4,,37.320618,126.806121
초지역,4,1,37.320659,126.806242
초지역,4,1,37.320659,126.806242
초지역,4,2,37.320649,126.808083
초지역,4,2,37.320649,126.808083
초지역,4,3,37.320926,126.80856
초지역,4,3,37.320926,126.80856
초지역,4,4,37.320538,126.809097
초지역,4,4,37.320538,126.809097
초지역,4,5,37.319168,126.808099
초지역,4,5,37.319168,126.808099
총신대입구(이수)역,,,37.48678,126.982237
총신대입구(이수)역,,1,37.488296,126.982505
총신대입구(이수)역,,10,37.484977,126.980376
총신대입구(이수)역,,11,37.485531,126.98173
총신대입구(이수)역,,12,37.485802,126.981944
총신대입구(이수)역,,13,37.486974,126.982015
총신대입구(이수)역,,14,37.488301,126.982018
총신대입구(이수)역,,2,37.487025,126.982472
총신대입구(이수)역,,3,37.486059,126.982403
총신대입구(이수)역,,4,37.485787,126.982444
총신대입구(이수)역,,5,37.485255,126.982555
총신대입구(이수)역,,6,37.48501,126.982387
총신대입구(이수)역,,7,37.484719,126.981866
총신대입구(이수)역,,8,37.485022,126.981727
총신대입구(이수)역,,9,37.484792,126.980816
춘의역,7,,37.503731,126.787201
춘의역,7,1,37.503676,126.787738
춘의역,7,2,37.503305,126.787314
춘의역,7,3,37.503001,126.786849
춘의역,7,4,37.50345,126.786367
춘의역,7,5,37.503623,126.786276
춘의역,7,6,37.504197,126.786793
춘의역,7,7,37.504298,126.787071
춘의역,7,8,37.503958,126.787889
충렬사역,,,35.199716,129.097652
충렬사역,,1,35.199404,129.097283
충렬사역,,2,35.199371,129.0975
충렬사역,,3,35.200025,129.097626
충렬사역,,4,35.199943,129.097894
충무로역,3;4,,37.561202,126.994109
충무로역,3;4,1,37.561355,126.995452
충무로역,3;4,2,37.561257,126.994941
충무로역,3;4,3,37.560915,126.993483
충무로역,3;4,4,37.560929,126.992916
충무로역,3;4,5,37.561148,126.992942
충무로역,3;4,6,37.56133,126.993084
충무로역,3;4,7,37.561291,126.993239
충무로역,3;4,8,37.561691,126.995607
충정로역,2;5,,37.559371,126.962911
충정로역,2;5,1,37.559372,126.962992
충정로역,2;5,10,37.559688,126.962817
충정로역,2;5,2,37.559526,126.963779
충정로역,2;5,3,37.560397,126.965369
충정로역,2;5,4,37.56025,126.965529
충정로역,2;5,5,37.559021,126.963789
충정로역,2;5,6,37.559028,126.963478
충정로역,2;5,7,37.559733,126.962165
충정로역,2;5,8,37.560635,126.962895
충정로역,2;5,9,37.560655,126.963344
캠퍼스타운역,인천1,,37.388174,126.661893
캠퍼스타운역,인천1,1,37.388284,126.662366
캠퍼스타운역,인천1,2,37.387339,126.662925
캠퍼스타운역,인천1,3,37.387915,126.661454
캠퍼스타운역,인천1,4,37.388495,126.662047
킨텍스역,GTX-A,,37.665214,126.748326
킨텍스역,GTX-A,1,37.665601,126.747951
킨텍스역,GTX-A,2,37.665228,126.748938
킨텍스역,GTX-A,3,37.664713,126.748438
킨텍스역,GTX-A,4,37.664745,126.747493
킨텍스역,GTX-A,5,37.665142,126.747475
탄현역,경의·중앙,,37.694105,126.761026
탄현역,경의·중앙,1,37.693937,126.76079
탄현역,경의·중앙,2,37.69397,126.761405
탑석역,U;의정부경전철: 발곡 → 차량기지임시승강장;의정부경전철: 차량기지임시승강장 → 탑석,,37.733526,127.088941
탑석역,U;의정부경전철: 발곡 → 차량기지임시승강장;의정부경전철: 차량기지임시승강장 → 탑석,1,37.733789,127.088809
태릉입구역,6;7,,37.617692,127.075672
태릉입구역,6;7,1,37.617417,127.074537
태릉입구역,6;7,2,37.618392,127.075214
태릉입구역,6;7,3,37.618993,127.075044
태릉입구역,6;7,4,37.619049,127.075307
태릉입구역,6;7,5,37.618426,127.075522
태릉입구역,6;7,6,37.617931,127.075961
태릉입구역,6;7,7,37.617598,127.076076
태릉입구역,6;7,8,37.617389,127.075318
태평역,수인·분당,,37.439709,127.127745
태평역,수인·분당,1,37.440182,127.127962
태평역,수인·분당,2,37.439952,127.128123
태평역,수인·분당,3,37.439695,127.128089
태평역,수인·분당,4,37.439345,127.128085
태평역,수인·분당,5,37.439091,127.127501
태평역,수인·분당,6,37.440086,127.127377
테크노파크역,인천1,,37.382302,126.656254
테크노파크역,인천1,1,37.382454,126.65675
테크노파크역,인천1,2,37.381978,126.657197
테크노파크역,인천1,3,37.381892,126.656213
테크노파크역,인천1,4,37.38236,126.656068
토성역,1,,35.100764,129.019844
토성역,1,1,35.101635,129.019998
토성역,1,10,35.099318,129.019616
토성역,1,2,35.101889,129.019744
토성역,1,3,35.101293,129.019987
토성역,1,4,35.100421,129.019616
토성역,1,5,35.100014,129.019926
토성역,1,6,35.100018,129.019599
토성역,1,7,35.099605,129.019926
토성역,1,8,35.099624,129.019574
토성역,1,9,35.099323,129.019919
퇴계원역,경춘,,37.648256,127.143532
퇴계원역,경춘,1,37.6481,127.144048
퇴계원역,경춘,2,37.64854,127.14382
판교역,경강;신분당,,37.394724,127.111531
판교역,경강;신분당,,37.39473,127.111189
판교역,경강;신분당,1,37.395352,127.111493
판교역,경강;신분당,1,37.395352,127.111493
판교역,경강;신분당,2,37.394567,127.11181
판교역,경강;신분당,2,37.394567,127.11181
판교역,경강;신분당,3,37.39416,127.110944
판교역,경강;신분당,3,37.39416,127.110944
판교역,경강;신분당,4,37.394844,127.110359
판교역,경강;신분당,4,37.394844,127.110359
팔당역,경의·중앙,,37.547485,127.243806
팔당역,경의·중앙,1,37.546819,127.243582
평강역,BGL,,35.214022,128.950638
평강역,BGL,1,35.214048,128.950297
평내호평역,ITX-청춘: 용산 → 춘천;ITX-청춘: 춘천 → 용산;경춘,,37.653214,127.24449
평내호평역,ITX-청춘: 용산 → 춘천;ITX-청춘: 춘천 → 용산;경춘,1,37.653457,127.244629
평내호평역,ITX-청춘: 용산 → 춘천;ITX-청춘: 춘천 → 용산;경춘,2,37.652925,127.244643
평동역,1,,35.124809,126.769597
평동역,1,1,35.124685,126.769954
평동역,1,2,35.124624,126.769334
평동역,1,3,35.124868,126.769297
평촌역,4,,37.394288,126.96388
평촌역,4,1,37.394116,126.963808
평촌역,4,2,37.39442,126.963637
평촌역,4,3,37.394832,126.964644
평촌역,4,4,37.394097,126.96495
풍무역,김포 골드라인,,37.612374,126.732463
풍무역,김포 골드라인,1,37.612692,126.732336
풍무역,김포 골드라인,2,37.612385,126.732086
풍산역,경의·중앙;서해,,37.672348,126.786243
풍산역,경의·중앙;서해,1,37.672209,126.785872
풍산역,경의·중앙;서해,2,37.67265,126.786633
하계역,7,,37.636018,127.068252
하계역,7,1,37.637421,127.067703
하계역,7,2,37.636395,127.068698
하계역,7,3,37.636042,127.068753
하계역,7,4,37.635425,127.067719
하계역,7,5,37.635858,127.067724
하계역,7,6,37.637351,127.067269
하남검단산역,5,,37.539704,127.223533
하남검단산역,5,3,37.539233,127.225321
하남시청역,5,,37.541774,127.206704
하남시청역,5,1,37.542149,127.206601
하남시청역,5,2,37.542228,127.206832
하남시청역,5,3,37.541632,127.207416
하남시청역,5,4,37.541424,127.207204
하남시청역,5,5,37.54131,127.206637
하남시청역,5,6,37.54188,127.206129
하남풍산역,5,,37.551958,127.203631
하남풍산역,5,1,37.552194,127.20423
하남풍산역,5,2,37.551852,127.204403
하남풍산역,5,3,37.551605,127.204271
하남풍산역,5,4,37.551417,127.20366
하남풍산역,5,5,37.551546,127.203325
하남풍산역,5,6,37.552072,127.202888
하남풍산역,5,7,37.552262,127.203088
하남풍산역,5,8,37.552398,127.203902
하단역,1,,35.106235,128.966761
하단역,1,1,35.106383,128.964666
하단역,1,10,35.105738,128.968049
하단역,1,11,35.106082,128.968697
하단역,1,12,35.105705,128.968343
하단역,1,2,35.10603,128.964667
하단역,1,3,35.106396,128.966023
하단역,1,4,35.10606,128.966148
하단역,1,5,35.106397,128.966511
하단역,1,6,35.106066,128.966537
하단역,1,7,35.10641,128.967634
하단역,1,8,35.106061,128.967535
하단역,1,9,35.106498,128.968462
학동·증심사입구역,1,,35.13311,126.928166
학동·증심사입구역,1,1,35.132403,126.928462
학동·증심사입구역,1,2,35.133261,126.927979
학동·증심사입구역,1,3,35.13331,126.928284
학동·증심사입구역,1,4,35.132473,126.928752
학동역,7,,37.513957,127.03075
학동역,7,1,37.514477,127.033043
학동역,7,10,37.514773,127.032894
학동역,7,2,37.514294,127.032403
학동역,7,3,37.51368,127.031022
학동역,7,4,37.513583,127.030763
학동역,7,5,37.5137,127.030456
학동역,7,6,37.514008,127.030319
학동역,7,7,37.514203,127.030471
학동역,7,8,37.514249,127.030676
학동역,7,9,37.514567,127.03219
학여울역,3,,37.496497,127.069884
학여울역,3,1,37.496384,127.070615
한강진역,6,,37.539796,127.001751
한강진역,6,1,37.540241,127.001672
한강진역,6,3,37.540215,127.001925
한국항공대역,경의·중앙,,37.602781,126.868397
한국항공대역,경의·중앙,1,37.603411,126.868584
한국항공대역,경의·중앙,2,37.601968,126.867055
한남역,경의·중앙,,37.529445,127.009242
한남역,경의·중앙,1,37.529477,127.007937
한대앞역,4,,37.309735,126.853614
한대앞역,4,1,37.310009,126.853902
한대앞역,4,2,37.309425,126.853021
한대앞역,4,3,37.31015,126.854236
한성대입구역,4,,37.588514,127.005962
한성대입구역,4,1,37.588576,127.006934
한성대입구역,4,2,37.588411,127.006672
한성대입구역,4,3,37.588136,127.006318
한성대입구역,4,4,37.588158,127.005881
한성대입구역,4,5,37.588713,127.005656
한성대입구역,4,6,37.588677,127.006197
한성대입구역,4,7,37.588945,127.006779
한성백제역,9,,37.51667,127.116213
한성백제역,9,1,37.516363,127.115082
한성백제역,9,1,37.517706,127.113286
한성백제역,9,2,37.516675,127.116446
한성백제역,9,3,37.515876,127.116596
한성백제역,9,4,37.516072,127.115962
한양대역,2,,37.555727,127.043664
한양대역,2,1,37.556826,127.043272
한양대역,2,2,37.555842,127.043893
한양대역,2,2,37.555968,127.043915
한양대역,2,3,37.554608,127.04372
한양대역,2,4,37.555642,127.043294
한양대역,2,4,37.555786,127.043275
한티역,수인·분당,,37.496271,127.052866
한티역,수인·분당,1,37.496506,127.053372
한티역,수인·분당,2,37.496663,127.053856
한티역,수인·분당,3,37.496601,127.053904
한티역,수인·분당,4,37.49644,127.053411
한티역,수인·분당,5,37.496042,127.052644
한티역,수인·분당,6,37.495829,127.052149
한티역,수인·분당,7,37.496127,127.051894
한티역,수인·분당,8,37.496327,127.052481
합정역,2;6,,37.549356,126.913656
합정역,2;6,1,37.550545,126.914972
합정역,2;6,10,37.549894,126.913917
합정역,2;6,2,37.551008,126.915681
합정역,2;6,3,37.550787,126.915912
합정역,2;6,4,37.550205,126.915153
합정역,2;6,5,37.549493,126.914172
합정역,2;6,6,37.549043,126.913995
합정역,2;6,7,37.548771,126.913624
합정역,2;6,8,37.549409,126.912917
합정역,2;6,9,37.54979,126.913375
해운대역,2,,35.163753,129.158747
해운대역,2,1,35.163716,129.15927
해운대역,2,2,35.163839,129.158956
해운대역,2,3,35.16345,129.159165
해운대역,2,4,35.163536,129.158432
해운대역,2,5,35.163292,129.158897
해운대역,2,7,35.163282,129.158461
행당역,5,,37.557606,127.029993
행당역,5,1,37.556928,127.02841
행당역,5,2,37.557226,127.029052
행당역,5,3,37.557081,127.02923
행당역,5,4,37.55672,127.028573
행신역,경의·중앙,,37.612035,126.834058
행신역,경의·중앙,1,37.612385,126.834489
행신역,경의·중앙,2,37.612383,126.83376
혜화역,4,,37.582138,127.001953
혜화역,4,1,37.583053,127.001909
혜화역,4,2,37.581392,127.002232
혜화역,4,3,37.58137,127.001837
혜화역,4,4,37.583569,127.00135
호구포역,수인·분당,,37.40169,126.708639
호구포역,수인·분당,1,37.401769,126.708165
호구포역,수인·분당,2,37.401977,126.708315
호포역,2,,35.281122,129.017439
호포역,2,1,35.281151,129.017054
호포역,2,2,35.281717,129.017219
호포역,2,3,35.281389,129.017028
홍대입구역,2,,37.556626,126.923447
홍대입구역,2,,37.557349,126.926908
홍대입구역,2,1,37.556277,126.922678
홍대입구역,2,2,37.557156,126.923888
홍대입구역,2,2,37.557156,126.923888
홍대입구역,2,3,37.558512,126.925302
홍대입구역,2,3,37.558512,126.925302
홍대입구역,2,4,37.558081,126.925959
홍대입구역,2,4,37.558081,126.925959
홍대입구역,2,5,37.557696,126.926989
홍대입구역,2,6,37.556622,126.928703
홍대입구역,2,7,37.556974,126.927377
홍대입구역,2,8,37.556889,126.924123
홍대입구역,2,8,37.556889,126.924123
홍대입구역,2,9,37.55604,126.922922
홍제역,3,,37.588689,126.944253
홍제역,3,1,37.58938,126.943667
홍제역,3,2,37.588377,126.944868
홍제역,3,3,37.588205,126.944615
홍제역,3,4,37.589191,126.94339
화계역,W,,37.634027,127.017489
화계역,W,1,37.634104,127.017577
화계역,W,2,37.634038,127.017383
화곡역,5,,37.541673,126.840397
화곡역,5,1,37.542076,126.840197
화곡역,5,2,37.541923,126.840821
화곡역,5,3,37.541642,126.840987
화곡역,5,4,37.541388,126.840844
화곡역,5,5,37.541309,126.840513
화곡역,5,6,37.541388,126.84013
화곡역,5,7,37.541622,126.839765
화곡역,5,8,37.541935,126.839956
화랑대역,6,,37.619784,127.083712
화랑대역,6,1,37.620038,127.083941
화랑대역,6,2,37.620387,127.083673
화랑대역,6,3,37.620852,127.083948
화랑대역,6,4,37.620676,127.084415
화랑대역,6,5,37.619904,127.085954
화랑대역,6,6,37.619636,127.085383
화랑대역,6,7,37.619672,127.084801
화명역,,,35.234456,129.007631
화명역,2,,35.235253,129.013779
화명역,2,1,35.235241,129.013696
화명역,2,2,35.235232,129.013967
화명역,2,3,35.235728,129.013735
화명역,2,4,35.235718,129.013993
화명역,2,5,35.236435,129.013766
화명역,2,6,35.236427,129.014024
화순역,,,35.051314,126.963164
화정역,1,,35.151903,126.876766
화정역,3,,37.634646,126.832577
화정역,1,1,35.151883,126.877145
화정역,3,1,37.634391,126.833047
화정역,1,2,35.151797,126.876403
화정역,3,2,37.634504,126.832186
화정역,1,3,35.152096,126.876427
화정역,3,3,37.634863,126.832149
화정역,1,4,35.152143,126.876938
화정역,3,4,37.634753,126.833056
회기역,1,,37.589497,127.057624
회기역,1,1,37.589928,127.057615
회기역,1,2,37.589749,127.058439
회룡역,1,,37.72441,127.04735
회룡역,1,,37.724947,127.047375
회룡역,1,1,37.725085,127.046473
회룡역,1,1,37.725085,127.046473
회룡역,1,2,37.725623,127.046603
회룡역,1,2,37.725623,127.046603
회룡역,1,3,37.724394,127.04709
회룡역,1,3,37.724394,127.04709
회룡역,1,4,37.72272,127.046938
회룡역,1,4,37.72272,127.046938
회룡역,1,5,37.722849,127.047381
회룡역,1,5,37.722849,127.047381
회현역,4,,37.558698,126.978417
회현역,4,1,37.559239,126.979836
회현역,4,2,37.559119,126.979438
회현역,4,3,37.558017,126.97789
회현역,4,4,37.557772,126.977504
회현역,4,5,37.557963,126.977335
회현역,4,6,37.559398,126.979271
회현역,4,7,37.559515,126.979643
효창공원앞역,6,,37.539341,126.961332
효창공원앞역,6,1,37.539478,126.961304
효창공원앞역,6,2,37.539319,126.961594
효창공원앞역,6,3,37.539069,126.961624
효창공원앞역,6,4,37.538657,126.962536
효창공원앞역,6,5,37.53847,126.963233
효창공원앞역,6,6,37.539285,126.960936
효천역,경전선,,35.102968,126.877049
흑석역,9,,37.508382,126.963949
흑석역,9,1,37.509302,126.963523
흑석역,9,2,37.508654,126.964175
흑석역,9,3,37.508398,126.963842
흑석역,9,4,37.508848,126.963319
흥선역,U;의정부경전철: 발곡 → 차량기지임시승강장;의정부경전철: 차량기지임시승강장 → 탑석,,37.743292,127.037198
흥선역,U;의정부경전철: 발곡 → 차량기지임시승강장;의정부경전철: 차량기지임시승강장 → 탑석,1,37.743115,127.036749
흥선역,U;의정부경전철: 발곡 → 차량기지임시승강장;의정부경전철: 차량기지임시승강장 → 탑석,2,37.743389,127.037207
